ds,country,polygon_source,polygon_id,polygon_name,all_day_bing_tiles_visited_relative_change,all_day_ratio_single_tile_users,baseline_name,baseline_type
2020-03-01,USA,FIPS,53033,King,0.0132,0.17903000000000002,full_february_except_presidents_day,DAY_OF_WEEK
2020-03-02,USA,FIPS,53033,King,-0.041370000000000004,0.13854000000000002,full_february_except_presidents_day,DAY_OF_WEEK
2020-03-03,USA,FIPS,53033,King,-0.03969,0.13663,full_february_except_presidents_day,DAY_OF_WEEK
2020-03-04,USA,FIPS,53033,King,-0.04345,0.13401000000000002,full_february_except_presidents_day,DAY_OF_WEEK
2020-03-05,USA,FIPS,53033,King,-0.09634000000000001,0.14429,full_february_except_presidents_day,DAY_OF_WEEK
2020-03-06,USA,FIPS,53033,King,-0.12727000000000002,0.1557,full_february_except_presidents_day,DAY_OF_WEEK
2020-03-07,USA,FIPS,53033,King,-0.09229000000000001,0.19113000000000002,full_february_except_presidents_day,DAY_OF_WEEK
2020-03-08,USA,FIPS,53033,King,-0.08919,0.21788000000000002,full_february_except_presidents_day,DAY_OF_WEEK
2020-03-09,USA,FIPS,53033,King,-0.10347,0.16263000000000002,full_february_except_presidents_day,DAY_OF_WEEK
2020-03-10,USA,FIPS,53033,King,-0.10695,0.16337000000000002,full_february_except_presidents_day,DAY_OF_WEEK
2020-03-11,USA,FIPS,53033,King,-0.11877000000000001,0.16037,full_february_except_presidents_day,DAY_OF_WEEK
2020-03-12,USA,FIPS,53033,King,-0.16161,0.17135,full_february_except_presidents_day,DAY_OF_WEEK
2020-03-13,USA,FIPS,53033,King,-0.21002,0.1905,full_february_except_presidents_day,DAY_OF_WEEK
2020-03-14,USA,FIPS,53033,King,-0.18462,0.22113000000000002,full_february_except_presidents_day,DAY_OF_WEEK
2020-03-15,USA,FIPS,53033,King,-0.18041000000000001,0.255,full_february_except_presidents_day,DAY_OF_WEEK
2020-03-16,USA,FIPS,53033,King,-0.21896000000000002,0.21191000000000002,full_february_except_presidents_day,DAY_OF_WEEK
2020-03-17,USA,FIPS,53033,King,-0.25718,0.23755,full_february_except_presidents_day,DAY_OF_WEEK
2020-03-18,USA,FIPS,53033,King,-0.2743,0.24112000000000003,full_february_except_presidents_day,DAY_OF_WEEK
2020-03-19,USA,FIPS,53033,King,-0.30182000000000003,0.24444000000000002,full_february_except_presidents_day,DAY_OF_WEEK
2020-03-20,USA,FIPS,53033,King,-0.29285,0.23582000000000003,full_february_except_presidents_day,DAY_OF_WEEK
2020-03-21,USA,FIPS,53033,King,-0.28850000000000003,0.2876,full_february_except_presidents_day,DAY_OF_WEEK
2020-03-22,USA,FIPS,53033,King,-0.34574000000000005,0.33955,full_february_except_presidents_day,DAY_OF_WEEK
2020-03-23,USA,FIPS,53033,King,-0.372,0.29986,full_february_except_presidents_day,DAY_OF_WEEK
2020-03-24,USA,FIPS,53033,King,-0.39181000000000005,0.31673,full_february_except_presidents_day,DAY_OF_WEEK
2020-03-25,USA,FIPS,53033,King,-0.41892,0.32467,full_february_except_presidents_day,DAY_OF_WEEK
2020-03-26,USA,FIPS,53033,King,-0.47929000000000005,0.35456000000000004,full_february_except_presidents_day,DAY_OF_WEEK
2020-03-27,USA,FIPS,53033,King,-0.49002000000000007,0.34771,full_february_except_presidents_day,DAY_OF_WEEK
2020-03-28,USA,FIPS,53033,King,-0.484,0.38453000000000004,full_february_except_presidents_day,DAY_OF_WEEK
2020-03-29,USA,FIPS,53033,King,-0.46508000000000005,0.39388,full_february_except_presidents_day,DAY_OF_WEEK
2020-03-30,USA,FIPS,53033,King,-0.47901000000000005,0.36138000000000003,full_february_except_presidents_day,DAY_OF_WEEK
2020-03-31,USA,FIPS,53033,King,-0.45322,0.34203,full_february_except_presidents_day,DAY_OF_WEEK
2020-04-01,USA,FIPS,53033,King,-0.42564,0.32230000000000003,full_february_except_presidents_day,DAY_OF_WEEK
2020-04-02,USA,FIPS,53033,King,-0.45778,0.33208000000000004,full_february_except_presidents_day,DAY_OF_WEEK
2020-04-03,USA,FIPS,53033,King,-0.44988000000000006,0.32449,full_february_except_presidents_day,DAY_OF_WEEK
2020-04-04,USA,FIPS,53033,King,-0.41405000000000003,0.34508000000000005,full_february_except_presidents_day,DAY_OF_WEEK
2020-04-05,USA,FIPS,53033,King,-0.43682000000000004,0.38236000000000003,full_february_except_presidents_day,DAY_OF_WEEK
2020-04-06,USA,FIPS,53033,King,-0.42193,0.31809000000000004,full_february_except_presidents_day,DAY_OF_WEEK
2020-04-07,USA,FIPS,53033,King,-0.41652000000000006,0.32362,full_february_except_presidents_day,DAY_OF_WEEK
2020-04-08,USA,FIPS,53033,King,-0.40584000000000003,0.30770000000000003,full_february_except_presidents_day,DAY_OF_WEEK
2020-04-09,USA,FIPS,53033,King,-0.41605000000000003,0.30552,full_february_except_presidents_day,DAY_OF_WEEK
2020-04-10,USA,FIPS,53033,King,-0.40497000000000005,0.29471,full_february_except_presidents_day,DAY_OF_WEEK
2020-04-11,USA,FIPS,53033,King,-0.39599,0.33278,full_february_except_presidents_day,DAY_OF_WEEK
2020-04-12,USA,FIPS,53033,King,-0.38783,0.35724,full_february_except_presidents_day,DAY_OF_WEEK
2020-04-13,USA,FIPS,53033,King,-0.40696000000000004,0.31171000000000004,full_february_except_presidents_day,DAY_OF_WEEK
2020-04-14,USA,FIPS,53033,King,-0.3901,0.30554000000000003,full_february_except_presidents_day,DAY_OF_WEEK
2020-04-15,USA,FIPS,53033,King,-0.37525000000000003,0.29611000000000004,full_february_except_presidents_day,DAY_OF_WEEK
2020-04-16,USA,FIPS,53033,King,-0.37833000000000006,0.28974,full_february_except_presidents_day,DAY_OF_WEEK
2020-04-17,USA,FIPS,53033,King,-0.38463,0.28704,full_february_except_presidents_day,DAY_OF_WEEK
2020-04-18,USA,FIPS,53033,King,-0.38829,0.34412000000000004,full_february_except_presidents_day,DAY_OF_WEEK
2020-04-19,USA,FIPS,53033,King,-0.34965,0.34190000000000004,full_february_except_presidents_day,DAY_OF_WEEK
2020-04-20,USA,FIPS,53033,King,-0.3629,0.29445000000000005,full_february_except_presidents_day,DAY_OF_WEEK
2020-04-21,USA,FIPS,53033,King,-0.39283,0.31851,full_february_except_presidents_day,DAY_OF_WEEK
2020-04-22,USA,FIPS,53033,King,-0.42985,0.34541000000000005,full_february_except_presidents_day,DAY_OF_WEEK
2020-04-23,USA,FIPS,53033,King,-0.42843000000000003,0.32408000000000003,full_february_except_presidents_day,DAY_OF_WEEK
2020-04-24,USA,FIPS,53033,King,-0.39364000000000005,0.29776,full_february_except_presidents_day,DAY_OF_WEEK
2020-04-25,USA,FIPS,53033,King,-0.36604000000000003,0.32317,full_february_except_presidents_day,DAY_OF_WEEK
2020-04-26,USA,FIPS,53033,King,-0.34435000000000004,0.34506000000000003,full_february_except_presidents_day,DAY_OF_WEEK
2020-04-27,USA,FIPS,53033,King,-0.36941,0.30232000000000003,full_february_except_presidents_day,DAY_OF_WEEK
2020-04-28,USA,FIPS,53033,King,-0.35912000000000005,0.2984,full_february_except_presidents_day,DAY_OF_WEEK
2020-04-29,USA,FIPS,53033,King,-0.35607000000000005,0.29029000000000005,full_february_except_presidents_day,DAY_OF_WEEK
2020-04-30,USA,FIPS,53033,King,-0.36853,0.29238000000000003,full_february_except_presidents_day,DAY_OF_WEEK
2020-05-01,USA,FIPS,53033,King,-0.32588,0.26358000000000004,full_february_except_presidents_day,DAY_OF_WEEK
2020-05-02,USA,FIPS,53033,King,-0.3551,0.33005,full_february_except_presidents_day,DAY_OF_WEEK
2020-05-03,USA,FIPS,53033,King,-0.32159000000000004,0.32945,full_february_except_presidents_day,DAY_OF_WEEK
2020-05-04,USA,FIPS,53033,King,-0.33306,0.28357000000000004,full_february_except_presidents_day,DAY_OF_WEEK
2020-05-05,USA,FIPS,53033,King,-0.30079,0.26907000000000003,full_february_except_presidents_day,DAY_OF_WEEK
2020-05-06,USA,FIPS,53033,King,-0.32613000000000003,0.28566,full_february_except_presidents_day,DAY_OF_WEEK
2020-05-07,USA,FIPS,53033,King,-0.30925,0.26315,full_february_except_presidents_day,DAY_OF_WEEK
2020-05-08,USA,FIPS,53033,King,-0.27085000000000004,0.24407,full_february_except_presidents_day,DAY_OF_WEEK
2020-05-09,USA,FIPS,53033,King,-0.1703,0.25484,full_february_except_presidents_day,DAY_OF_WEEK
2020-05-10,USA,FIPS,53033,King,-0.18214000000000002,0.27375000000000005,full_february_except_presidents_day,DAY_OF_WEEK
2020-05-11,USA,FIPS,53033,King,-0.30073,0.27502000000000004,full_february_except_presidents_day,DAY_OF_WEEK
2020-05-12,USA,FIPS,53033,King,-0.32227,0.2867,full_february_except_presidents_day,DAY_OF_WEEK
2020-05-13,USA,FIPS,53033,King,-0.30518,0.27541000000000004,full_february_except_presidents_day,DAY_OF_WEEK
2020-05-14,USA,FIPS,53033,King,-0.31377000000000005,0.26980000000000004,full_february_except_presidents_day,DAY_OF_WEEK
2020-05-15,USA,FIPS,53033,King,-0.27379000000000003,0.24565,full_february_except_presidents_day,DAY_OF_WEEK
2020-05-16,USA,FIPS,53033,King,-0.27955,0.30144000000000004,full_february_except_presidents_day,DAY_OF_WEEK
2020-05-17,USA,FIPS,53033,King,-0.26562,0.31296,full_february_except_presidents_day,DAY_OF_WEEK
2020-05-18,USA,FIPS,53033,King,-0.27811,0.26602000000000003,full_february_except_presidents_day,DAY_OF_WEEK
2020-05-19,USA,FIPS,53033,King,-0.27052000000000004,0.26771,full_february_except_presidents_day,DAY_OF_WEEK
2020-05-20,USA,FIPS,53033,King,-0.29378000000000004,0.27853,full_february_except_presidents_day,DAY_OF_WEEK
2020-05-21,USA,FIPS,53033,King,-0.31731000000000004,0.28087,full_february_except_presidents_day,DAY_OF_WEEK
2020-05-22,USA,FIPS,53033,King,-0.26949,0.25067,full_february_except_presidents_day,DAY_OF_WEEK
2020-05-23,USA,FIPS,53033,King,-0.18326,0.26877,full_february_except_presidents_day,DAY_OF_WEEK
2020-05-24,USA,FIPS,53033,King,-0.15212,0.27943,full_february_except_presidents_day,DAY_OF_WEEK
2020-05-25,USA,FIPS,53033,King,-0.39619000000000004,0.32821,full_february_except_presidents_day,DAY_OF_WEEK
2020-05-26,USA,FIPS,53033,King,-0.25825000000000004,0.26176000000000005,full_february_except_presidents_day,DAY_OF_WEEK
2020-05-27,USA,FIPS,53033,King,-0.22895000000000001,0.24141,full_february_except_presidents_day,DAY_OF_WEEK
2020-05-28,USA,FIPS,53033,King,-0.24624000000000001,0.24057,full_february_except_presidents_day,DAY_OF_WEEK
2020-05-29,USA,FIPS,53033,King,-0.22376000000000001,0.22792,full_february_except_presidents_day,DAY_OF_WEEK
2020-05-30,USA,FIPS,53033,King,-0.28815,0.3139,full_february_except_presidents_day,DAY_OF_WEEK
2020-05-31,USA,FIPS,53033,King,-0.28375,0.32469000000000003,full_february_except_presidents_day,DAY_OF_WEEK
2020-06-01,USA,FIPS,53033,King,-0.24124,0.25264000000000003,full_february_except_presidents_day,DAY_OF_WEEK
2020-06-02,USA,FIPS,53033,King,-0.2574,0.26018,full_february_except_presidents_day,DAY_OF_WEEK
2020-06-03,USA,FIPS,53033,King,-0.23618000000000003,0.24453000000000003,full_february_except_presidents_day,DAY_OF_WEEK
2020-06-04,USA,FIPS,53033,King,-0.26333,0.24277,full_february_except_presidents_day,DAY_OF_WEEK
2020-06-05,USA,FIPS,53033,King,-0.23195000000000002,0.22942,full_february_except_presidents_day,DAY_OF_WEEK
2020-06-06,USA,FIPS,53033,King,-0.17266,0.25105,full_february_except_presidents_day,DAY_OF_WEEK
2020-06-07,USA,FIPS,53033,King,-0.20059000000000002,0.28543,full_february_except_presidents_day,DAY_OF_WEEK
2020-06-08,USA,FIPS,53033,King,-0.23129000000000002,0.24117000000000002,full_february_except_presidents_day,DAY_OF_WEEK
2020-06-09,USA,FIPS,53033,King,-0.26531000000000005,0.26429,full_february_except_presidents_day,DAY_OF_WEEK
2020-06-10,USA,FIPS,53033,King,-0.22488000000000002,0.23541,full_february_except_presidents_day,DAY_OF_WEEK
2020-06-11,USA,FIPS,53033,King,-0.23648000000000002,0.2343,full_february_except_presidents_day,DAY_OF_WEEK
2020-06-12,USA,FIPS,53033,King,-0.23236,0.23441,full_february_except_presidents_day,DAY_OF_WEEK
2020-06-13,USA,FIPS,53033,King,-0.16453,0.24664000000000003,full_february_except_presidents_day,DAY_OF_WEEK
2020-06-14,USA,FIPS,53033,King,-0.13849,0.26424000000000003,full_february_except_presidents_day,DAY_OF_WEEK
2020-06-15,USA,FIPS,53033,King,-0.24535,0.24609000000000003,full_february_except_presidents_day,DAY_OF_WEEK
2020-06-16,USA,FIPS,53033,King,-0.20412000000000002,0.23232000000000003,full_february_except_presidents_day,DAY_OF_WEEK
2020-06-17,USA,FIPS,53033,King,-0.18027,0.21822000000000003,full_february_except_presidents_day,DAY_OF_WEEK
2020-06-18,USA,FIPS,53033,King,-0.17371,0.20963,full_february_except_presidents_day,DAY_OF_WEEK
2020-06-19,USA,FIPS,53033,King,-0.14536000000000002,0.1983,full_february_except_presidents_day,DAY_OF_WEEK
2020-06-20,USA,FIPS,53033,King,-0.11096,0.22704000000000002,full_february_except_presidents_day,DAY_OF_WEEK
2020-06-21,USA,FIPS,53033,King,-0.09144000000000001,0.24282,full_february_except_presidents_day,DAY_OF_WEEK
2020-06-22,USA,FIPS,53033,King,-0.15954000000000002,0.21614000000000003,full_february_except_presidents_day,DAY_OF_WEEK
2020-06-23,USA,FIPS,53033,King,-0.15412,0.21746000000000001,full_february_except_presidents_day,DAY_OF_WEEK
2020-06-24,USA,FIPS,53033,King,-0.18041000000000001,0.21822000000000003,full_february_except_presidents_day,DAY_OF_WEEK
2020-06-25,USA,FIPS,53033,King,-0.17289000000000002,0.21183000000000002,full_february_except_presidents_day,DAY_OF_WEEK
2020-06-26,USA,FIPS,53033,King,-0.14767000000000002,0.19774000000000003,full_february_except_presidents_day,DAY_OF_WEEK
2020-06-27,USA,FIPS,53033,King,-0.13827,0.24562000000000003,full_february_except_presidents_day,DAY_OF_WEEK
2020-06-28,USA,FIPS,53033,King,-0.14204,0.26551,full_february_except_presidents_day,DAY_OF_WEEK
2020-06-29,USA,FIPS,53033,King,-0.17494,0.22037,full_february_except_presidents_day,DAY_OF_WEEK
2020-06-30,USA,FIPS,53033,King,-0.18078000000000002,0.22645,full_february_except_presidents_day,DAY_OF_WEEK
2020-07-01,USA,FIPS,53033,King,-0.17156000000000002,0.22071000000000002,full_february_except_presidents_day,DAY_OF_WEEK
2020-07-02,USA,FIPS,53033,King,-0.15788000000000002,0.20912000000000003,full_february_except_presidents_day,DAY_OF_WEEK
2020-07-03,USA,FIPS,53033,King,-0.14372000000000001,0.20612000000000003,full_february_except_presidents_day,DAY_OF_WEEK
2020-07-04,USA,FIPS,53033,King,-0.13970000000000002,0.22982000000000002,full_february_except_presidents_day,DAY_OF_WEEK
2020-07-05,USA,FIPS,53033,King,-0.050910000000000004,0.2381,full_february_except_presidents_day,DAY_OF_WEEK
2020-07-06,USA,FIPS,53033,King,-0.16722,0.22062,full_february_except_presidents_day,DAY_OF_WEEK
2020-07-07,USA,FIPS,53033,King,-0.18276,0.22765000000000002,full_february_except_presidents_day,DAY_OF_WEEK
2020-07-08,USA,FIPS,53033,King,-0.17606000000000002,0.21903000000000003,full_february_except_presidents_day,DAY_OF_WEEK
2020-07-09,USA,FIPS,53033,King,-0.1938,0.21679,full_february_except_presidents_day,DAY_OF_WEEK
2020-07-10,USA,FIPS,53033,King,-0.15410000000000001,0.19964,full_february_except_presidents_day,DAY_OF_WEEK
2020-07-11,USA,FIPS,53033,King,-0.06479,0.21908000000000002,full_february_except_presidents_day,DAY_OF_WEEK
2020-07-12,USA,FIPS,53033,King,-0.11516000000000001,0.25735,full_february_except_presidents_day,DAY_OF_WEEK
2020-07-13,USA,FIPS,53033,King,-0.16592,0.21566000000000002,full_february_except_presidents_day,DAY_OF_WEEK
2020-07-14,USA,FIPS,53033,King,-0.14891000000000001,0.21327000000000002,full_february_except_presidents_day,DAY_OF_WEEK
2020-07-15,USA,FIPS,53033,King,-0.14955000000000002,0.20478000000000002,full_february_except_presidents_day,DAY_OF_WEEK
2020-07-16,USA,FIPS,53033,King,-0.16629000000000002,0.20747000000000002,full_february_except_presidents_day,DAY_OF_WEEK
2020-07-17,USA,FIPS,53033,King,-0.18145000000000003,0.21405000000000002,full_february_except_presidents_day,DAY_OF_WEEK
2020-07-18,USA,FIPS,53033,King,-0.030510000000000002,0.2101,full_february_except_presidents_day,DAY_OF_WEEK
2020-07-19,USA,FIPS,53033,King,-0.02245,0.23713,full_february_except_presidents_day,DAY_OF_WEEK
2020-07-20,USA,FIPS,53033,King,-0.14886000000000002,0.21722000000000002,full_february_except_presidents_day,DAY_OF_WEEK
2020-07-21,USA,FIPS,53033,King,-0.14738,0.21144000000000002,full_february_except_presidents_day,DAY_OF_WEEK
2020-07-22,USA,FIPS,53033,King,-0.16615000000000002,0.21751,full_february_except_presidents_day,DAY_OF_WEEK
2020-07-23,USA,FIPS,53033,King,-0.18037,0.21529,full_february_except_presidents_day,DAY_OF_WEEK
2020-07-24,USA,FIPS,53033,King,-0.15901,0.20568000000000003,full_february_except_presidents_day,DAY_OF_WEEK
2020-07-25,USA,FIPS,53033,King,-0.02602,0.21076000000000003,full_february_except_presidents_day,DAY_OF_WEEK
2020-07-26,USA,FIPS,53033,King,-0.025120000000000003,0.2411,full_february_except_presidents_day,DAY_OF_WEEK
2020-07-27,USA,FIPS,53033,King,-0.14473000000000003,0.21671,full_february_except_presidents_day,DAY_OF_WEEK
2020-07-28,USA,FIPS,53033,King,-0.14421,0.21217000000000003,full_february_except_presidents_day,DAY_OF_WEEK
2020-07-29,USA,FIPS,53033,King,-0.15418,0.21111000000000002,full_february_except_presidents_day,DAY_OF_WEEK
2020-07-30,USA,FIPS,53033,King,-0.15442,0.20897000000000002,full_february_except_presidents_day,DAY_OF_WEEK
2020-07-31,USA,FIPS,53033,King,-0.12149000000000001,0.19272,full_february_except_presidents_day,DAY_OF_WEEK
2020-08-01,USA,FIPS,53033,King,-0.035160000000000004,0.21099,full_february_except_presidents_day,DAY_OF_WEEK
2020-08-02,USA,FIPS,53033,King,-0.02119,0.23383,full_february_except_presidents_day,DAY_OF_WEEK
2020-08-03,USA,FIPS,53033,King,-0.14834,0.21199,full_february_except_presidents_day,DAY_OF_WEEK
2020-08-04,USA,FIPS,53033,King,-0.12599000000000002,0.20462000000000002,full_february_except_presidents_day,DAY_OF_WEEK
2020-08-05,USA,FIPS,53033,King,-0.13949,0.2082,full_february_except_presidents_day,DAY_OF_WEEK
2020-08-06,USA,FIPS,53033,King,-0.1844,0.22037,full_february_except_presidents_day,DAY_OF_WEEK
2020-08-07,USA,FIPS,53033,King,-0.15298,0.19925,full_february_except_presidents_day,DAY_OF_WEEK
2020-08-08,USA,FIPS,53033,King,-0.08437,0.22551000000000002,full_february_except_presidents_day,DAY_OF_WEEK
2020-08-09,USA,FIPS,53033,King,-0.022410000000000003,0.23573000000000002,full_february_except_presidents_day,DAY_OF_WEEK
2020-08-10,USA,FIPS,53033,King,-0.13838,0.21147000000000002,full_february_except_presidents_day,DAY_OF_WEEK
2020-08-11,USA,FIPS,53033,King,-0.14357,0.21183000000000002,full_february_except_presidents_day,DAY_OF_WEEK
2020-08-12,USA,FIPS,53033,King,-0.15418,0.21108000000000002,full_february_except_presidents_day,DAY_OF_WEEK
2020-08-13,USA,FIPS,53033,King,-0.1593,0.20594,full_february_except_presidents_day,DAY_OF_WEEK
2020-08-14,USA,FIPS,53033,King,-0.12663000000000002,0.19491000000000003,full_february_except_presidents_day,DAY_OF_WEEK
2020-08-15,USA,FIPS,53033,King,-0.00627,0.20738,full_february_except_presidents_day,DAY_OF_WEEK
2020-08-16,USA,FIPS,53033,King,-1.9e-4,0.23700000000000002,full_february_except_presidents_day,DAY_OF_WEEK
2020-08-17,USA,FIPS,53033,King,-0.14299,0.21788000000000002,full_february_except_presidents_day,DAY_OF_WEEK
2020-08-18,USA,FIPS,53033,King,-0.13609000000000002,0.2117,full_february_except_presidents_day,DAY_OF_WEEK
2020-08-19,USA,FIPS,53033,King,-0.1413,0.20736000000000002,full_february_except_presidents_day,DAY_OF_WEEK
2020-08-20,USA,FIPS,53033,King,-0.17236,0.20729000000000003,full_february_except_presidents_day,DAY_OF_WEEK
2020-08-21,USA,FIPS,53033,King,-0.16426000000000002,0.20702,full_february_except_presidents_day,DAY_OF_WEEK
2020-08-22,USA,FIPS,53033,King,-0.05399,0.20945000000000003,full_february_except_presidents_day,DAY_OF_WEEK
2020-08-23,USA,FIPS,53033,King,-0.02953,0.23492000000000002,full_february_except_presidents_day,DAY_OF_WEEK
2020-08-24,USA,FIPS,53033,King,-0.14782,0.21097000000000002,full_february_except_presidents_day,DAY_OF_WEEK
2020-08-25,USA,FIPS,53033,King,-0.13294,0.20694,full_february_except_presidents_day,DAY_OF_WEEK
2020-08-26,USA,FIPS,53033,King,-0.12968000000000002,0.20326000000000002,full_february_except_presidents_day,DAY_OF_WEEK
2020-08-27,USA,FIPS,53033,King,-0.15226,0.19779000000000002,full_february_except_presidents_day,DAY_OF_WEEK
2020-08-28,USA,FIPS,53033,King,-0.10874,0.18627000000000002,full_february_except_presidents_day,DAY_OF_WEEK
2020-08-29,USA,FIPS,53033,King,-0.035550000000000005,0.21012000000000003,full_february_except_presidents_day,DAY_OF_WEEK
2020-08-30,USA,FIPS,53033,King,-0.02281,0.23295000000000002,full_february_except_presidents_day,DAY_OF_WEEK
2020-08-31,USA,FIPS,53033,King,-0.1583,0.21456000000000003,full_february_except_presidents_day,DAY_OF_WEEK
2020-09-01,USA,FIPS,53033,King,-0.11065000000000001,0.20037000000000002,full_february_except_presidents_day,DAY_OF_WEEK
2020-09-02,USA,FIPS,53033,King,-0.12523,0.19838000000000003,full_february_except_presidents_day,DAY_OF_WEEK
2020-09-03,USA,FIPS,53033,King,-0.14,0.19531,full_february_except_presidents_day,DAY_OF_WEEK
2020-09-04,USA,FIPS,53033,King,-0.10007,0.18384,full_february_except_presidents_day,DAY_OF_WEEK
2020-09-05,USA,FIPS,53033,King,-0.02603,0.20617000000000002,full_february_except_presidents_day,DAY_OF_WEEK
2020-09-06,USA,FIPS,53033,King,0.022260000000000002,0.22285000000000002,full_february_except_presidents_day,DAY_OF_WEEK
2020-09-07,USA,FIPS,53033,King,-0.19472,0.23624,full_february_except_presidents_day,DAY_OF_WEEK
2020-09-08,USA,FIPS,53033,King,-0.13531,0.20753000000000002,full_february_except_presidents_day,DAY_OF_WEEK
2020-09-09,USA,FIPS,53033,King,-0.1689,0.20959000000000003,full_february_except_presidents_day,DAY_OF_WEEK
2020-09-10,USA,FIPS,53033,King,-0.18382,0.20565000000000003,full_february_except_presidents_day,DAY_OF_WEEK
2020-09-11,USA,FIPS,53033,King,-0.19852000000000003,0.20932,full_february_except_presidents_day,DAY_OF_WEEK
2020-09-12,USA,FIPS,53033,King,-0.1986,0.25608000000000003,full_february_except_presidents_day,DAY_OF_WEEK
2020-09-13,USA,FIPS,53033,King,-0.22152000000000002,0.28789000000000003,full_february_except_presidents_day,DAY_OF_WEEK
2020-09-14,USA,FIPS,53033,King,-0.23639000000000002,0.24041,full_february_except_presidents_day,DAY_OF_WEEK
2020-09-15,USA,FIPS,53033,King,-0.22182000000000002,0.23507000000000003,full_february_except_presidents_day,DAY_OF_WEEK
2020-09-16,USA,FIPS,53033,King,-0.21497000000000002,0.22753,full_february_except_presidents_day,DAY_OF_WEEK
2020-09-17,USA,FIPS,53033,King,-0.23123000000000002,0.22232000000000002,full_february_except_presidents_day,DAY_OF_WEEK
2020-09-18,USA,FIPS,53033,King,-0.2063,0.21585000000000001,full_february_except_presidents_day,DAY_OF_WEEK
2020-09-19,USA,FIPS,53033,King,-0.11277000000000001,0.22084,full_february_except_presidents_day,DAY_OF_WEEK
2020-09-20,USA,FIPS,53033,King,-0.12062,0.24434000000000003,full_february_except_presidents_day,DAY_OF_WEEK
2020-09-21,USA,FIPS,53033,King,-0.19187,0.21836000000000003,full_february_except_presidents_day,DAY_OF_WEEK
2020-09-22,USA,FIPS,53033,King,-0.17143000000000003,0.21236000000000002,full_february_except_presidents_day,DAY_OF_WEEK
2020-09-23,USA,FIPS,53033,King,-0.2039,0.23913,full_february_except_presidents_day,DAY_OF_WEEK
2020-09-24,USA,FIPS,53033,King,-0.22524000000000002,0.22581,full_february_except_presidents_day,DAY_OF_WEEK
2020-09-25,USA,FIPS,53033,King,-0.20641,0.21539000000000003,full_february_except_presidents_day,DAY_OF_WEEK
2020-09-26,USA,FIPS,53033,King,-0.11332,0.22194000000000003,full_february_except_presidents_day,DAY_OF_WEEK
2020-09-27,USA,FIPS,53033,King,-0.09844000000000001,0.24350000000000002,full_february_except_presidents_day,DAY_OF_WEEK
2020-09-28,USA,FIPS,53033,King,-0.17188,0.21609,full_february_except_presidents_day,DAY_OF_WEEK
2020-09-29,USA,FIPS,53033,King,-0.15678,0.2157,full_february_except_presidents_day,DAY_OF_WEEK
2020-09-30,USA,FIPS,53033,King,-0.16121000000000002,0.21147000000000002,full_february_except_presidents_day,DAY_OF_WEEK
2020-10-01,USA,FIPS,53033,King,-0.17933000000000002,0.20436000000000001,full_february_except_presidents_day,DAY_OF_WEEK
2020-10-02,USA,FIPS,53033,King,-0.15940000000000001,0.19332000000000002,full_february_except_presidents_day,DAY_OF_WEEK
2020-10-03,USA,FIPS,53033,King,-0.07206,0.21297000000000002,full_february_except_presidents_day,DAY_OF_WEEK
2020-10-04,USA,FIPS,53033,King,-0.14111,0.26011,full_february_except_presidents_day,DAY_OF_WEEK
2020-10-05,USA,FIPS,53033,King,-0.18281000000000003,0.22022000000000003,full_february_except_presidents_day,DAY_OF_WEEK
2020-10-06,USA,FIPS,53033,King,-0.17007000000000003,0.21611000000000002,full_february_except_presidents_day,DAY_OF_WEEK
2020-10-07,USA,FIPS,53033,King,-0.18524000000000002,0.21472000000000002,full_february_except_presidents_day,DAY_OF_WEEK
2020-10-08,USA,FIPS,53033,King,-0.20685,0.21451,full_february_except_presidents_day,DAY_OF_WEEK
2020-10-09,USA,FIPS,53033,King,-0.17236,0.19645,full_february_except_presidents_day,DAY_OF_WEEK
2020-10-10,USA,FIPS,53033,King,-0.13372,0.23024000000000003,full_february_except_presidents_day,DAY_OF_WEEK
2020-10-11,USA,FIPS,53033,King,-0.19959000000000002,0.28207000000000004,full_february_except_presidents_day,DAY_OF_WEEK
2020-10-12,USA,FIPS,53033,King,-0.21557,0.22832000000000002,full_february_except_presidents_day,DAY_OF_WEEK
2020-10-13,USA,FIPS,53033,King,-0.20062000000000002,0.228,full_february_except_presidents_day,DAY_OF_WEEK
2020-10-14,USA,FIPS,53033,King,-0.17658000000000001,0.21511000000000002,full_february_except_presidents_day,DAY_OF_WEEK
2020-10-15,USA,FIPS,53033,King,-0.18643,0.21024,full_february_except_presidents_day,DAY_OF_WEEK
2020-10-16,USA,FIPS,53033,King,-0.17606000000000002,0.20616,full_february_except_presidents_day,DAY_OF_WEEK
2020-10-17,USA,FIPS,53033,King,-0.09431,0.21854,full_february_except_presidents_day,DAY_OF_WEEK
2020-10-18,USA,FIPS,53033,King,-0.15263000000000002,0.26377,full_february_except_presidents_day,DAY_OF_WEEK
2020-10-19,USA,FIPS,53033,King,-0.21371,0.23768000000000003,full_february_except_presidents_day,DAY_OF_WEEK
2020-10-20,USA,FIPS,53033,King,-0.18868000000000001,0.21851,full_february_except_presidents_day,DAY_OF_WEEK
2020-10-21,USA,FIPS,53033,King,-0.20373000000000002,0.22552000000000003,full_february_except_presidents_day,DAY_OF_WEEK
2020-10-22,USA,FIPS,53033,King,-0.20626000000000003,0.21755000000000002,full_february_except_presidents_day,DAY_OF_WEEK
2020-10-23,USA,FIPS,53033,King,-0.21723,0.22072000000000003,full_february_except_presidents_day,DAY_OF_WEEK
2020-10-24,USA,FIPS,53033,King,-0.09351000000000001,0.22212,full_february_except_presidents_day,DAY_OF_WEEK
2020-10-25,USA,FIPS,53033,King,-0.12604,0.25574,full_february_except_presidents_day,DAY_OF_WEEK
2020-10-26,USA,FIPS,53033,King,-0.20868,0.23096000000000003,full_february_except_presidents_day,DAY_OF_WEEK
2020-10-27,USA,FIPS,53033,King,-0.19059,0.22404000000000002,full_february_except_presidents_day,DAY_OF_WEEK
2020-10-28,USA,FIPS,53033,King,-0.19587000000000002,0.216,full_february_except_presidents_day,DAY_OF_WEEK
2020-10-29,USA,FIPS,53033,King,-0.20704000000000003,0.21663000000000002,full_february_except_presidents_day,DAY_OF_WEEK
2020-10-30,USA,FIPS,53033,King,-0.17426000000000003,0.1978,full_february_except_presidents_day,DAY_OF_WEEK
2020-10-31,USA,FIPS,53033,King,-0.06495000000000001,0.20051000000000002,full_february_except_presidents_day,DAY_OF_WEEK
2020-11-01,USA,FIPS,53033,King,-0.10379000000000001,0.24387000000000003,full_february_except_presidents_day,DAY_OF_WEEK
2020-11-02,USA,FIPS,53033,King,-0.19870000000000002,0.22143000000000002,full_february_except_presidents_day,DAY_OF_WEEK
2020-11-03,USA,FIPS,53033,King,-0.21984,0.2441,full_february_except_presidents_day,DAY_OF_WEEK
2020-11-04,USA,FIPS,53033,King,-0.24357,0.23654000000000003,full_february_except_presidents_day,DAY_OF_WEEK
2020-11-05,USA,FIPS,53033,King,-0.25463,0.24296,full_february_except_presidents_day,DAY_OF_WEEK
2020-11-06,USA,FIPS,53033,King,-0.22316000000000003,0.21427000000000002,full_february_except_presidents_day,DAY_OF_WEEK
2020-11-07,USA,FIPS,53033,King,-0.14719000000000002,0.23424000000000003,full_february_except_presidents_day,DAY_OF_WEEK
2020-11-08,USA,FIPS,53033,King,-0.15753,0.26234,full_february_except_presidents_day,DAY_OF_WEEK
2020-11-09,USA,FIPS,53033,King,-0.24099,0.24384000000000003,full_february_except_presidents_day,DAY_OF_WEEK
2020-11-10,USA,FIPS,53033,King,-0.21763000000000002,0.24328000000000002,full_february_except_presidents_day,DAY_OF_WEEK
2020-11-11,USA,FIPS,53033,King,-0.21204,0.22959000000000002,full_february_except_presidents_day,DAY_OF_WEEK
2020-11-12,USA,FIPS,53033,King,-0.24217000000000002,0.23169,full_february_except_presidents_day,DAY_OF_WEEK
2020-11-13,USA,FIPS,53033,King,-0.21686000000000002,0.21876,full_february_except_presidents_day,DAY_OF_WEEK
2020-11-14,USA,FIPS,53033,King,-0.17327,0.24723000000000003,full_february_except_presidents_day,DAY_OF_WEEK
2020-11-15,USA,FIPS,53033,King,-0.21277000000000001,0.28155,full_february_except_presidents_day,DAY_OF_WEEK
2020-11-16,USA,FIPS,53033,King,-0.25743000000000005,0.2587,full_february_except_presidents_day,DAY_OF_WEEK
2020-11-17,USA,FIPS,53033,King,-0.24951,0.25415000000000004,full_february_except_presidents_day,DAY_OF_WEEK
2020-11-18,USA,FIPS,53033,King,-0.25385,0.25954000000000005,full_february_except_presidents_day,DAY_OF_WEEK
2020-11-19,USA,FIPS,53033,King,-0.26876,0.2497,full_february_except_presidents_day,DAY_OF_WEEK
2020-11-20,USA,FIPS,53033,King,-0.24352000000000001,0.23385000000000003,full_february_except_presidents_day,DAY_OF_WEEK
2020-11-21,USA,FIPS,53033,King,-0.15078000000000003,0.24661000000000002,full_february_except_presidents_day,DAY_OF_WEEK
2020-11-22,USA,FIPS,53033,King,-0.25402,0.30889,full_february_except_presidents_day,DAY_OF_WEEK
2020-11-23,USA,FIPS,53033,King,-0.24806000000000003,0.25293000000000004,full_february_except_presidents_day,DAY_OF_WEEK
2020-11-24,USA,FIPS,53033,King,-0.21264000000000002,0.24575000000000002,full_february_except_presidents_day,DAY_OF_WEEK
2020-11-25,USA,FIPS,53033,King,-0.17456000000000002,0.22244000000000003,full_february_except_presidents_day,DAY_OF_WEEK
2020-11-26,USA,FIPS,53033,King,-0.4686,0.32476000000000005,full_february_except_presidents_day,DAY_OF_WEEK
2020-11-27,USA,FIPS,53033,King,-0.30488000000000004,0.2559,full_february_except_presidents_day,DAY_OF_WEEK
2020-11-28,USA,FIPS,53033,King,-0.23571000000000003,0.27985000000000004,full_february_except_presidents_day,DAY_OF_WEEK
2020-11-29,USA,FIPS,53033,King,-0.22113000000000002,0.29882000000000003,full_february_except_presidents_day,DAY_OF_WEEK
2020-11-30,USA,FIPS,53033,King,-0.24772000000000002,0.25305,full_february_except_presidents_day,DAY_OF_WEEK
2020-12-01,USA,FIPS,53033,King,-0.21066000000000001,0.23974,full_february_except_presidents_day,DAY_OF_WEEK
2020-12-02,USA,FIPS,53033,King,-0.21215,0.23946,full_february_except_presidents_day,DAY_OF_WEEK
2020-12-03,USA,FIPS,53033,King,-0.24857,0.24246,full_february_except_presidents_day,DAY_OF_WEEK
2020-12-04,USA,FIPS,53033,King,-0.20978000000000002,0.21925000000000003,full_february_except_presidents_day,DAY_OF_WEEK
2020-12-05,USA,FIPS,53033,King,-0.12436000000000001,0.23747000000000001,full_february_except_presidents_day,DAY_OF_WEEK
2020-12-06,USA,FIPS,53033,King,-0.21202000000000001,0.29222000000000004,full_february_except_presidents_day,DAY_OF_WEEK
2020-12-07,USA,FIPS,53033,King,-0.25006,0.25366,full_february_except_presidents_day,DAY_OF_WEEK
2020-12-08,USA,FIPS,53033,King,-0.2509,0.26398000000000005,full_february_except_presidents_day,DAY_OF_WEEK
2020-12-09,USA,FIPS,53033,King,-0.23876000000000003,0.24842000000000003,full_february_except_presidents_day,DAY_OF_WEEK
2020-12-10,USA,FIPS,53033,King,-0.25795,0.24766000000000002,full_february_except_presidents_day,DAY_OF_WEEK
2020-12-11,USA,FIPS,53033,King,-0.23256000000000002,0.22956000000000001,full_february_except_presidents_day,DAY_OF_WEEK
2020-12-12,USA,FIPS,53033,King,-0.13823000000000002,0.24631000000000003,full_february_except_presidents_day,DAY_OF_WEEK
2020-12-13,USA,FIPS,53033,King,-0.24974000000000002,0.31292000000000003,full_february_except_presidents_day,DAY_OF_WEEK
2020-12-14,USA,FIPS,53033,King,-0.24616000000000002,0.25236000000000003,full_february_except_presidents_day,DAY_OF_WEEK
2020-12-15,USA,FIPS,53033,King,-0.23861000000000002,0.25379,full_february_except_presidents_day,DAY_OF_WEEK
2020-12-16,USA,FIPS,53033,King,-0.22489,0.24999000000000002,full_february_except_presidents_day,DAY_OF_WEEK
2020-12-17,USA,FIPS,53033,King,-0.2388,0.23842000000000002,full_february_except_presidents_day,DAY_OF_WEEK
2020-12-18,USA,FIPS,53033,King,-0.20563,0.22722,full_february_except_presidents_day,DAY_OF_WEEK
2020-12-19,USA,FIPS,53033,King,-0.1565,0.25253000000000003,full_february_except_presidents_day,DAY_OF_WEEK
2020-12-20,USA,FIPS,53033,King,-0.18193,0.28453,full_february_except_presidents_day,DAY_OF_WEEK
2020-12-21,USA,FIPS,53033,King,-0.20062000000000002,0.2528,full_february_except_presidents_day,DAY_OF_WEEK
2020-12-22,USA,FIPS,53033,King,-0.13893,0.2233,full_february_except_presidents_day,DAY_OF_WEEK
2020-12-23,USA,FIPS,53033,King,-0.08695000000000001,0.21117000000000002,full_february_except_presidents_day,DAY_OF_WEEK
2020-12-24,USA,FIPS,53033,King,-0.19108000000000003,0.2212,full_february_except_presidents_day,DAY_OF_WEEK
2020-12-25,USA,FIPS,53033,King,-0.51925,0.36828000000000005,full_february_except_presidents_day,DAY_OF_WEEK
2020-12-26,USA,FIPS,53033,King,-0.26835000000000003,0.28714,full_february_except_presidents_day,DAY_OF_WEEK
2020-12-27,USA,FIPS,53033,King,-0.25363,0.31820000000000004,full_february_except_presidents_day,DAY_OF_WEEK
2020-12-28,USA,FIPS,53033,King,-0.19797,0.24158000000000002,full_february_except_presidents_day,DAY_OF_WEEK
2020-12-29,USA,FIPS,53033,King,-0.20831000000000002,0.25109000000000004,full_february_except_presidents_day,DAY_OF_WEEK
2020-12-30,USA,FIPS,53033,King,-0.21487,0.24975000000000003,full_february_except_presidents_day,DAY_OF_WEEK
2020-12-31,USA,FIPS,53033,King,-0.21089000000000002,0.22325000000000003,full_february_except_presidents_day,DAY_OF_WEEK
2021-01-01,USA,FIPS,53033,King,-0.43989000000000006,0.32562,full_february_except_presidents_day,DAY_OF_WEEK
2021-01-02,USA,FIPS,53033,King,-0.28837,0.30297,full_february_except_presidents_day,DAY_OF_WEEK
2021-01-03,USA,FIPS,53033,King,-0.272,0.32075000000000004,full_february_except_presidents_day,DAY_OF_WEEK
2021-01-04,USA,FIPS,53033,King,-0.26731000000000005,0.26334,full_february_except_presidents_day,DAY_OF_WEEK
2021-01-05,USA,FIPS,53033,King,-0.2466,0.26315,full_february_except_presidents_day,DAY_OF_WEEK
2021-01-06,USA,FIPS,53033,King,-0.24238,0.24637000000000003,full_february_except_presidents_day,DAY_OF_WEEK
2021-01-07,USA,FIPS,53033,King,-0.265,0.24780000000000002,full_february_except_presidents_day,DAY_OF_WEEK
2021-01-08,USA,FIPS,53033,King,-0.26343,0.24749000000000002,full_february_except_presidents_day,DAY_OF_WEEK
2021-01-09,USA,FIPS,53033,King,-0.20497,0.26371,full_february_except_presidents_day,DAY_OF_WEEK
2021-01-10,USA,FIPS,53033,King,-0.21226,0.29387,full_february_except_presidents_day,DAY_OF_WEEK
2021-01-11,USA,FIPS,53033,King,-0.28703,0.27388,full_february_except_presidents_day,DAY_OF_WEEK
2021-01-12,USA,FIPS,53033,King,-0.26704,0.26482,full_february_except_presidents_day,DAY_OF_WEEK
2021-01-13,USA,FIPS,53033,King,-0.20263,0.22226,full_february_except_presidents_day,DAY_OF_WEEK
2021-01-14,USA,FIPS,53033,King,-0.24122000000000002,0.23021000000000003,full_february_except_presidents_day,DAY_OF_WEEK
2021-01-15,USA,FIPS,53033,King,-0.23079000000000002,0.22049000000000002,full_february_except_presidents_day,DAY_OF_WEEK
2021-01-16,USA,FIPS,53033,King,-0.16544,0.24772000000000002,full_february_except_presidents_day,DAY_OF_WEEK
2021-01-17,USA,FIPS,53033,King,-0.19835000000000003,0.28167000000000003,full_february_except_presidents_day,DAY_OF_WEEK
2021-01-18,USA,FIPS,53033,King,-0.22881,0.24403000000000002,full_february_except_presidents_day,DAY_OF_WEEK
2021-01-19,USA,FIPS,53033,King,-0.22895000000000001,0.23752,full_february_except_presidents_day,DAY_OF_WEEK
2021-01-20,USA,FIPS,53033,King,-0.24873,0.24067000000000002,full_february_except_presidents_day,DAY_OF_WEEK
2021-01-21,USA,FIPS,53033,King,-0.27993,0.24618,full_february_except_presidents_day,DAY_OF_WEEK
2021-01-22,USA,FIPS,53033,King,-0.23262000000000002,0.216,full_february_except_presidents_day,DAY_OF_WEEK
2021-01-23,USA,FIPS,53033,King,-0.13559000000000002,0.23675000000000002,full_february_except_presidents_day,DAY_OF_WEEK
2021-01-24,USA,FIPS,53033,King,-0.25109000000000004,0.30860000000000004,full_february_except_presidents_day,DAY_OF_WEEK
2021-01-25,USA,FIPS,53033,King,-0.25028,0.25004000000000004,full_february_except_presidents_day,DAY_OF_WEEK
2021-01-26,USA,FIPS,53033,King,-0.23304000000000002,0.24892000000000003,full_february_except_presidents_day,DAY_OF_WEEK
2021-01-27,USA,FIPS,53033,King,-0.24554,0.24138,full_february_except_presidents_day,DAY_OF_WEEK
2021-01-28,USA,FIPS,53033,King,-0.26671,0.24302,full_february_except_presidents_day,DAY_OF_WEEK
2021-01-29,USA,FIPS,53033,King,-0.22221000000000002,0.21927000000000002,full_february_except_presidents_day,DAY_OF_WEEK
2021-01-30,USA,FIPS,53033,King,-0.16865000000000002,0.24364000000000002,full_february_except_presidents_day,DAY_OF_WEEK
2021-01-31,USA,FIPS,53033,King,-0.21014000000000002,0.28763,full_february_except_presidents_day,DAY_OF_WEEK
2021-02-01,USA,FIPS,53033,King,-0.24638000000000002,0.24893,full_february_except_presidents_day,DAY_OF_WEEK
2021-02-02,USA,FIPS,53033,King,-0.23658,0.24730000000000002,full_february_except_presidents_day,DAY_OF_WEEK
2021-02-03,USA,FIPS,53033,King,-0.19905,0.22351000000000001,full_february_except_presidents_day,DAY_OF_WEEK
2021-02-04,USA,FIPS,53033,King,-0.25843000000000005,0.24250000000000002,full_february_except_presidents_day,DAY_OF_WEEK
2021-02-05,USA,FIPS,53033,King,-0.21764000000000003,0.21250000000000002,full_february_except_presidents_day,DAY_OF_WEEK
2021-02-06,USA,FIPS,53033,King,-0.13994,0.23885,full_february_except_presidents_day,DAY_OF_WEEK
2021-02-07,USA,FIPS,53033,King,-0.19068000000000002,0.26664000000000004,full_february_except_presidents_day,DAY_OF_WEEK
2021-02-08,USA,FIPS,53033,King,-0.22638000000000003,0.23362000000000002,full_february_except_presidents_day,DAY_OF_WEEK
2021-02-09,USA,FIPS,53033,King,-0.21407,0.23001000000000002,full_february_except_presidents_day,DAY_OF_WEEK
2021-02-10,USA,FIPS,53033,King,-0.19404000000000002,0.2169,full_february_except_presidents_day,DAY_OF_WEEK
2021-02-11,USA,FIPS,53033,King,-0.24630000000000002,0.23511,full_february_except_presidents_day,DAY_OF_WEEK
2021-02-12,USA,FIPS,53033,King,-0.2746,0.24053000000000002,full_february_except_presidents_day,DAY_OF_WEEK
2021-02-13,USA,FIPS,53033,King,-0.50473,0.42211000000000004,full_february_except_presidents_day,DAY_OF_WEEK
2021-02-14,USA,FIPS,53033,King,-0.49392,0.45058000000000004,full_february_except_presidents_day,DAY_OF_WEEK
2021-02-15,USA,FIPS,53033,King,-0.38854000000000005,0.33039,full_february_except_presidents_day,DAY_OF_WEEK
2021-02-16,USA,FIPS,53033,King,-0.23523000000000002,0.24478000000000003,full_february_except_presidents_day,DAY_OF_WEEK
2021-02-17,USA,FIPS,53033,King,-0.19417,0.2267,full_february_except_presidents_day,DAY_OF_WEEK
2021-02-18,USA,FIPS,53033,King,-0.23086,0.23959000000000003,full_february_except_presidents_day,DAY_OF_WEEK
2021-02-19,USA,FIPS,53033,King,-0.20891,0.21496,full_february_except_presidents_day,DAY_OF_WEEK
2021-02-20,USA,FIPS,53033,King,-0.11822,0.22236000000000003,full_february_except_presidents_day,DAY_OF_WEEK
2021-02-21,USA,FIPS,53033,King,-0.17257,0.27657000000000004,full_february_except_presidents_day,DAY_OF_WEEK
2021-02-22,USA,FIPS,53033,King,-0.25902000000000003,0.24767000000000003,full_february_except_presidents_day,DAY_OF_WEEK
2021-02-23,USA,FIPS,53033,King,-0.21913000000000002,0.23901000000000003,full_february_except_presidents_day,DAY_OF_WEEK
2021-02-24,USA,FIPS,53033,King,-0.19958,0.22289,full_february_except_presidents_day,DAY_OF_WEEK
2021-02-25,USA,FIPS,53033,King,-0.2356,0.23107000000000003,full_february_except_presidents_day,DAY_OF_WEEK
2021-02-26,USA,FIPS,53033,King,-0.20147,0.21167000000000002,full_february_except_presidents_day,DAY_OF_WEEK
2021-02-27,USA,FIPS,53033,King,-0.08804000000000001,0.21771000000000001,full_february_except_presidents_day,DAY_OF_WEEK
2021-02-28,USA,FIPS,53033,King,-0.14298000000000002,0.25826000000000005,full_february_except_presidents_day,DAY_OF_WEEK
2021-03-01,USA,FIPS,53033,King,-0.19929000000000002,0.21899000000000002,full_february_except_presidents_day,DAY_OF_WEEK
2021-03-02,USA,FIPS,53033,King,-0.20062000000000002,0.22665000000000002,full_february_except_presidents_day,DAY_OF_WEEK
2021-03-03,USA,FIPS,53033,King,-0.15173,0.20494,full_february_except_presidents_day,DAY_OF_WEEK
2021-03-04,USA,FIPS,53033,King,-0.21387,0.22518000000000002,full_february_except_presidents_day,DAY_OF_WEEK
2021-03-05,USA,FIPS,53033,King,-0.20570000000000002,0.21518,full_february_except_presidents_day,DAY_OF_WEEK
2021-03-06,USA,FIPS,53033,King,-0.07957,0.21743,full_february_except_presidents_day,DAY_OF_WEEK
2021-03-07,USA,FIPS,53033,King,-0.14039000000000001,0.26634,full_february_except_presidents_day,DAY_OF_WEEK
2021-03-08,USA,FIPS,53033,King,-0.20421000000000003,0.22553,full_february_except_presidents_day,DAY_OF_WEEK
2021-03-09,USA,FIPS,53033,King,-0.19311,0.22272000000000003,full_february_except_presidents_day,DAY_OF_WEEK
2021-03-10,USA,FIPS,53033,King,-0.16102000000000002,0.20378000000000002,full_february_except_presidents_day,DAY_OF_WEEK
2021-03-11,USA,FIPS,53033,King,-0.17033,0.20382000000000003,full_february_except_presidents_day,DAY_OF_WEEK
2021-03-12,USA,FIPS,53033,King,-0.13548000000000002,0.1887,full_february_except_presidents_day,DAY_OF_WEEK
2021-03-13,USA,FIPS,53033,King,-0.00704,0.20119,full_february_except_presidents_day,DAY_OF_WEEK
2021-03-14,USA,FIPS,53033,King,-0.17131000000000002,0.27167,full_february_except_presidents_day,DAY_OF_WEEK
2021-03-15,USA,FIPS,53033,King,-0.19803,0.22319000000000003,full_february_except_presidents_day,DAY_OF_WEEK
2021-03-16,USA,FIPS,53033,King,-0.14846,0.20277,full_february_except_presidents_day,DAY_OF_WEEK
2021-03-17,USA,FIPS,53033,King,-0.1246,0.19585000000000002,full_february_except_presidents_day,DAY_OF_WEEK
2021-03-18,USA,FIPS,53033,King,-0.17420000000000002,0.2151,full_february_except_presidents_day,DAY_OF_WEEK
2021-03-19,USA,FIPS,53033,King,-0.16429000000000002,0.19688000000000003,full_february_except_presidents_day,DAY_OF_WEEK
2021-03-20,USA,FIPS,53033,King,-0.06869,0.21141000000000001,full_february_except_presidents_day,DAY_OF_WEEK
2021-03-21,USA,FIPS,53033,King,-0.11901,0.26013000000000003,full_february_except_presidents_day,DAY_OF_WEEK
2021-03-22,USA,FIPS,53033,King,-0.1758,0.21715,full_february_except_presidents_day,DAY_OF_WEEK
2021-03-23,USA,FIPS,53033,King,-0.14468,0.20479000000000003,full_february_except_presidents_day,DAY_OF_WEEK
2021-03-24,USA,FIPS,53033,King,-0.1595,0.21666000000000002,full_february_except_presidents_day,DAY_OF_WEEK
2021-03-25,USA,FIPS,53033,King,-0.16295,0.20588,full_february_except_presidents_day,DAY_OF_WEEK
2021-03-26,USA,FIPS,53033,King,-0.14066,0.18777000000000002,full_february_except_presidents_day,DAY_OF_WEEK
2021-03-27,USA,FIPS,53033,King,-0.0236,0.19888000000000003,full_february_except_presidents_day,DAY_OF_WEEK
2021-03-28,USA,FIPS,53033,King,-0.12799000000000002,0.26433,full_february_except_presidents_day,DAY_OF_WEEK
2021-03-29,USA,FIPS,53033,King,-0.15886,0.20886000000000002,full_february_except_presidents_day,DAY_OF_WEEK
2021-03-30,USA,FIPS,53033,King,-0.12309,0.19708,full_february_except_presidents_day,DAY_OF_WEEK
2021-03-31,USA,FIPS,53033,King,-0.09547000000000001,0.19012,full_february_except_presidents_day,DAY_OF_WEEK
2021-04-01,USA,FIPS,53033,King,-0.13958,0.18664000000000003,full_february_except_presidents_day,DAY_OF_WEEK
2021-04-02,USA,FIPS,53033,King,-0.11075000000000002,0.17376000000000003,full_february_except_presidents_day,DAY_OF_WEEK
2021-04-03,USA,FIPS,53033,King,0.0035600000000000002,0.19252000000000002,full_february_except_presidents_day,DAY_OF_WEEK
2021-04-04,USA,FIPS,53033,King,-0.09319000000000001,0.23911000000000002,full_february_except_presidents_day,DAY_OF_WEEK
2021-04-05,USA,FIPS,53033,King,-0.10853000000000002,0.19598000000000002,full_february_except_presidents_day,DAY_OF_WEEK
2021-04-06,USA,FIPS,53033,King,-0.099,0.19283000000000003,full_february_except_presidents_day,DAY_OF_WEEK
2021-04-07,USA,FIPS,53033,King,-0.1326,0.20787000000000003,full_february_except_presidents_day,DAY_OF_WEEK
2021-04-08,USA,FIPS,53033,King,-0.13537000000000002,0.19675,full_february_except_presidents_day,DAY_OF_WEEK
2021-04-09,USA,FIPS,53033,King,-0.12777000000000002,0.19138000000000002,full_february_except_presidents_day,DAY_OF_WEEK
2021-04-10,USA,FIPS,53033,King,-0.01899,0.20713,full_february_except_presidents_day,DAY_OF_WEEK
2021-04-11,USA,FIPS,53033,King,0.00973,0.22342,full_february_except_presidents_day,DAY_OF_WEEK
2021-04-12,USA,FIPS,53033,King,-0.11463000000000001,0.20111,full_february_except_presidents_day,DAY_OF_WEEK
2021-04-13,USA,FIPS,53033,King,-0.11474000000000001,0.19761,full_february_except_presidents_day,DAY_OF_WEEK
2021-04-14,USA,FIPS,53033,King,-0.09974000000000001,0.18797000000000003,full_february_except_presidents_day,DAY_OF_WEEK
2021-04-15,USA,FIPS,53033,King,-0.11111000000000001,0.18194000000000002,full_february_except_presidents_day,DAY_OF_WEEK
2021-04-16,USA,FIPS,53033,King,-0.07323,0.17221,full_february_except_presidents_day,DAY_OF_WEEK
2021-04-17,USA,FIPS,53033,King,0.07059,0.18325000000000002,full_february_except_presidents_day,DAY_OF_WEEK
2021-04-18,USA,FIPS,53033,King,0.0548,0.21145000000000003,full_february_except_presidents_day,DAY_OF_WEEK
2021-04-19,USA,FIPS,53033,King,-0.10132000000000001,0.19035000000000002,full_february_except_presidents_day,DAY_OF_WEEK
2021-04-20,USA,FIPS,53033,King,-0.08123000000000001,0.18773,full_february_except_presidents_day,DAY_OF_WEEK
2021-04-21,USA,FIPS,53033,King,-0.07967,0.18333000000000002,full_february_except_presidents_day,DAY_OF_WEEK
2021-04-22,USA,FIPS,53033,King,-0.12979000000000002,0.18873,full_february_except_presidents_day,DAY_OF_WEEK
2021-04-23,USA,FIPS,53033,King,-0.09587000000000001,0.179,full_february_except_presidents_day,DAY_OF_WEEK
2021-04-24,USA,FIPS,53033,King,-0.07366,0.22610000000000002,full_february_except_presidents_day,DAY_OF_WEEK
2021-04-25,USA,FIPS,53033,King,-0.054610000000000006,0.24096,full_february_except_presidents_day,DAY_OF_WEEK
2021-04-26,USA,FIPS,53033,King,-0.12571000000000002,0.19971000000000003,full_february_except_presidents_day,DAY_OF_WEEK
2021-04-27,USA,FIPS,53033,King,-0.11848000000000002,0.19616000000000003,full_february_except_presidents_day,DAY_OF_WEEK
2021-04-28,USA,FIPS,53033,King,-0.10598,0.19484,full_february_except_presidents_day,DAY_OF_WEEK
2021-04-29,USA,FIPS,53033,King,-0.11489,0.18457,full_february_except_presidents_day,DAY_OF_WEEK
2021-04-30,USA,FIPS,53033,King,-0.10576,0.17953000000000002,full_february_except_presidents_day,DAY_OF_WEEK
2021-05-01,USA,FIPS,53033,King,-0.014350000000000002,0.1993,full_february_except_presidents_day,DAY_OF_WEEK
2021-05-02,USA,FIPS,53033,King,-0.00159,0.21943000000000001,full_february_except_presidents_day,DAY_OF_WEEK
2021-05-03,USA,FIPS,53033,King,-0.12813000000000002,0.20431000000000002,full_february_except_presidents_day,DAY_OF_WEEK
2021-05-04,USA,FIPS,53033,King,-0.11016000000000001,0.19229000000000002,full_february_except_presidents_day,DAY_OF_WEEK
2021-05-05,USA,FIPS,53033,King,-0.10154,0.18557,full_february_except_presidents_day,DAY_OF_WEEK
2021-05-06,USA,FIPS,53033,King,-0.12933,0.19298,full_february_except_presidents_day,DAY_OF_WEEK
2021-05-07,USA,FIPS,53033,King,-0.10349000000000001,0.18352000000000002,full_february_except_presidents_day,DAY_OF_WEEK
2021-05-08,USA,FIPS,53033,King,0.017140000000000002,0.19172000000000003,full_february_except_presidents_day,DAY_OF_WEEK
2021-05-09,USA,FIPS,53033,King,0.016810000000000002,0.20356000000000002,full_february_except_presidents_day,DAY_OF_WEEK
2021-05-10,USA,FIPS,53033,King,-0.09816000000000001,0.18679,full_february_except_presidents_day,DAY_OF_WEEK
2021-05-11,USA,FIPS,53033,King,-0.09099,0.18865,full_february_except_presidents_day,DAY_OF_WEEK
2021-05-12,USA,FIPS,53033,King,-0.11206,0.18988000000000002,full_february_except_presidents_day,DAY_OF_WEEK
2021-05-13,USA,FIPS,53033,King,-0.10776000000000001,0.18283000000000002,full_february_except_presidents_day,DAY_OF_WEEK
2021-05-14,USA,FIPS,53033,King,-0.06447,0.16959000000000002,full_february_except_presidents_day,DAY_OF_WEEK
2021-05-15,USA,FIPS,53033,King,0.06183,0.18592,full_february_except_presidents_day,DAY_OF_WEEK
2021-05-16,USA,FIPS,53033,King,0.06329,0.20348000000000002,full_february_except_presidents_day,DAY_OF_WEEK
2021-05-17,USA,FIPS,53033,King,-0.11268,0.19429000000000002,full_february_except_presidents_day,DAY_OF_WEEK
2021-05-18,USA,FIPS,53033,King,-0.11913000000000001,0.19718000000000002,full_february_except_presidents_day,DAY_OF_WEEK
2021-05-19,USA,FIPS,53033,King,-0.10954000000000001,0.19514,full_february_except_presidents_day,DAY_OF_WEEK
2021-05-20,USA,FIPS,53033,King,-0.11556000000000001,0.19147000000000003,full_february_except_presidents_day,DAY_OF_WEEK
2021-05-21,USA,FIPS,53033,King,-0.09048,0.17508,full_february_except_presidents_day,DAY_OF_WEEK
2021-05-22,USA,FIPS,53033,King,0.00723,0.19436,full_february_except_presidents_day,DAY_OF_WEEK
2021-05-23,USA,FIPS,53033,King,-0.04224000000000001,0.22640000000000002,full_february_except_presidents_day,DAY_OF_WEEK
2021-05-24,USA,FIPS,53033,King,-0.13823000000000002,0.2071,full_february_except_presidents_day,DAY_OF_WEEK
2021-05-25,USA,FIPS,53033,King,-0.11019000000000001,0.19490000000000002,full_february_except_presidents_day,DAY_OF_WEEK
2021-05-26,USA,FIPS,53033,King,-0.09908,0.19153,full_february_except_presidents_day,DAY_OF_WEEK
2021-05-27,USA,FIPS,53033,King,-0.12244000000000001,0.19598000000000002,full_february_except_presidents_day,DAY_OF_WEEK
2021-05-28,USA,FIPS,53033,King,-0.07513,0.17029000000000002,full_february_except_presidents_day,DAY_OF_WEEK
2021-05-29,USA,FIPS,53033,King,0.08082,0.17903000000000002,full_february_except_presidents_day,DAY_OF_WEEK
2021-05-30,USA,FIPS,53033,King,0.07423,0.19890000000000002,full_february_except_presidents_day,DAY_OF_WEEK
2021-05-31,USA,FIPS,53033,King,-0.14216,0.21273000000000003,full_february_except_presidents_day,DAY_OF_WEEK
2021-06-01,USA,FIPS,53033,King,-0.04573000000000001,0.17975000000000002,full_february_except_presidents_day,DAY_OF_WEEK
2021-06-02,USA,FIPS,53033,King,-0.06263,0.17939000000000002,full_february_except_presidents_day,DAY_OF_WEEK
2021-06-03,USA,FIPS,53033,King,-0.08030000000000001,0.17412000000000002,full_february_except_presidents_day,DAY_OF_WEEK
2021-06-04,USA,FIPS,53033,King,-0.05494,0.16631,full_february_except_presidents_day,DAY_OF_WEEK
2021-06-05,USA,FIPS,53033,King,0.017980000000000003,0.18518,full_february_except_presidents_day,DAY_OF_WEEK
2021-06-06,USA,FIPS,53033,King,-0.037450000000000004,0.23143000000000002,full_february_except_presidents_day,DAY_OF_WEEK
2021-06-07,USA,FIPS,53033,King,-0.1178,0.19209,full_february_except_presidents_day,DAY_OF_WEEK
2021-06-08,USA,FIPS,53033,King,-0.06709000000000001,0.17987,full_february_except_presidents_day,DAY_OF_WEEK
2021-06-09,USA,FIPS,53033,King,-0.06860000000000001,0.1763,full_february_except_presidents_day,DAY_OF_WEEK
2021-06-10,USA,FIPS,53033,King,-0.0888,0.17451000000000003,full_february_except_presidents_day,DAY_OF_WEEK
2021-06-11,USA,FIPS,53033,King,-0.06984,0.17865,full_february_except_presidents_day,DAY_OF_WEEK
2021-06-12,USA,FIPS,53033,King,0.05918,0.17651000000000003,full_february_except_presidents_day,DAY_OF_WEEK
2021-06-13,USA,FIPS,53033,King,-0.023530000000000002,0.23106000000000002,full_february_except_presidents_day,DAY_OF_WEEK
2021-06-14,USA,FIPS,53033,King,-0.11077000000000001,0.1991,full_february_except_presidents_day,DAY_OF_WEEK
2021-06-15,USA,FIPS,53033,King,-0.06124,0.18099,full_february_except_presidents_day,DAY_OF_WEEK
2021-06-16,USA,FIPS,53033,King,-0.042350000000000006,0.17145000000000002,full_february_except_presidents_day,DAY_OF_WEEK
2021-06-17,USA,FIPS,53033,King,-0.037020000000000004,0.16565000000000002,full_february_except_presidents_day,DAY_OF_WEEK
2021-06-18,USA,FIPS,53033,King,0.00598,0.15132,full_february_except_presidents_day,DAY_OF_WEEK
2021-06-19,USA,FIPS,53033,King,0.124,0.16544,full_february_except_presidents_day,DAY_OF_WEEK
2021-06-20,USA,FIPS,53033,King,0.13470000000000001,0.17995000000000003,full_february_except_presidents_day,DAY_OF_WEEK
2021-06-21,USA,FIPS,53033,King,-0.037570000000000006,0.17708000000000002,full_february_except_presidents_day,DAY_OF_WEEK
2021-06-22,USA,FIPS,53033,King,-0.03305,0.17525000000000002,full_february_except_presidents_day,DAY_OF_WEEK
2021-06-23,USA,FIPS,53033,King,-0.028390000000000002,0.16973000000000002,full_february_except_presidents_day,DAY_OF_WEEK
2021-06-24,USA,FIPS,53033,King,-0.040670000000000005,0.16936,full_february_except_presidents_day,DAY_OF_WEEK
2021-06-25,USA,FIPS,53033,King,-0.02187,0.15999000000000002,full_february_except_presidents_day,DAY_OF_WEEK
2021-06-26,USA,FIPS,53033,King,0.0834,0.18201,full_february_except_presidents_day,DAY_OF_WEEK
2021-06-27,USA,FIPS,53033,King,0.08631000000000001,0.20552,full_february_except_presidents_day,DAY_OF_WEEK
2021-06-28,USA,FIPS,53033,King,-0.08572,0.20032000000000003,full_february_except_presidents_day,DAY_OF_WEEK
2021-06-29,USA,FIPS,53033,King,-0.05219000000000001,0.18353000000000003,full_february_except_presidents_day,DAY_OF_WEEK
2021-06-30,USA,FIPS,53033,King,-0.052320000000000005,0.17268000000000003,full_february_except_presidents_day,DAY_OF_WEEK
2021-07-01,USA,FIPS,53033,King,-0.05314000000000001,0.16577,full_february_except_presidents_day,DAY_OF_WEEK
2021-07-02,USA,FIPS,53033,King,-0.02154,0.15675,full_february_except_presidents_day,DAY_OF_WEEK
2021-07-03,USA,FIPS,53033,King,0.09331,0.16865000000000002,full_february_except_presidents_day,DAY_OF_WEEK
2021-07-04,USA,FIPS,53033,King,0.07331,0.18678,full_february_except_presidents_day,DAY_OF_WEEK
2021-07-05,USA,FIPS,53033,King,-0.07359,0.19240000000000002,full_february_except_presidents_day,DAY_OF_WEEK
2021-07-06,USA,FIPS,53033,King,-0.030100000000000002,0.17664000000000002,full_february_except_presidents_day,DAY_OF_WEEK
2021-07-07,USA,FIPS,53033,King,-0.041830000000000006,0.17146,full_february_except_presidents_day,DAY_OF_WEEK
2021-07-08,USA,FIPS,53033,King,-0.0604,0.16935,full_february_except_presidents_day,DAY_OF_WEEK
2021-07-09,USA,FIPS,53033,King,-0.03606,0.15658000000000002,full_february_except_presidents_day,DAY_OF_WEEK
2021-07-10,USA,FIPS,53033,King,0.10711000000000001,0.16505,full_february_except_presidents_day,DAY_OF_WEEK
2021-07-11,USA,FIPS,53033,King,0.10472000000000001,0.18829,full_february_except_presidents_day,DAY_OF_WEEK
2021-07-12,USA,FIPS,53033,King,-0.050940000000000006,0.17481000000000002,full_february_except_presidents_day,DAY_OF_WEEK
2021-07-13,USA,FIPS,53033,King,-0.029150000000000002,0.17067000000000002,full_february_except_presidents_day,DAY_OF_WEEK
2021-07-14,USA,FIPS,53033,King,-0.0364,0.16763,full_february_except_presidents_day,DAY_OF_WEEK
2021-07-15,USA,FIPS,53033,King,-0.047760000000000004,0.16435000000000002,full_february_except_presidents_day,DAY_OF_WEEK
2021-07-16,USA,FIPS,53033,King,-0.033420000000000005,0.15807000000000002,full_february_except_presidents_day,DAY_OF_WEEK
2021-07-17,USA,FIPS,53033,King,0.10652,0.17068000000000003,full_february_except_presidents_day,DAY_OF_WEEK
2021-07-18,USA,FIPS,53033,King,0.12938000000000002,0.18854,full_february_except_presidents_day,DAY_OF_WEEK
2021-07-19,USA,FIPS,53033,King,-0.043620000000000006,0.17499,full_february_except_presidents_day,DAY_OF_WEEK
2021-07-20,USA,FIPS,53033,King,-0.049760000000000006,0.17534000000000002,full_february_except_presidents_day,DAY_OF_WEEK
2021-07-21,USA,FIPS,53033,King,-0.050980000000000004,0.17393,full_february_except_presidents_day,DAY_OF_WEEK
2021-07-22,USA,FIPS,53033,King,-0.08747,0.17112000000000002,full_february_except_presidents_day,DAY_OF_WEEK
2021-07-23,USA,FIPS,53033,King,-0.10794000000000001,0.16202000000000003,full_february_except_presidents_day,DAY_OF_WEEK
2021-07-24,USA,FIPS,53033,King,-0.022150000000000003,0.1748,full_february_except_presidents_day,DAY_OF_WEEK
2021-07-25,USA,FIPS,53033,King,-0.00368,0.1951,full_february_except_presidents_day,DAY_OF_WEEK
2021-07-26,USA,FIPS,53033,King,-0.16899,0.18151,full_february_except_presidents_day,DAY_OF_WEEK
2021-07-27,USA,FIPS,53033,King,-0.16847,0.1811,full_february_except_presidents_day,DAY_OF_WEEK
2021-07-28,USA,FIPS,53033,King,-0.16361,0.17293,full_february_except_presidents_day,DAY_OF_WEEK
2021-07-29,USA,FIPS,53033,King,-0.14821,0.17054000000000002,full_february_except_presidents_day,DAY_OF_WEEK
2021-07-30,USA,FIPS,53033,King,-0.08365,0.16192,full_february_except_presidents_day,DAY_OF_WEEK
2021-07-31,USA,FIPS,53033,King,0.049510000000000005,0.17633000000000001,full_february_except_presidents_day,DAY_OF_WEEK
2021-08-01,USA,FIPS,53033,King,0.049980000000000004,0.19892,full_february_except_presidents_day,DAY_OF_WEEK
2021-08-02,USA,FIPS,53033,King,-0.07013000000000001,0.17666,full_february_except_presidents_day,DAY_OF_WEEK
2021-08-03,USA,FIPS,53033,King,-0.052180000000000004,0.16897,full_february_except_presidents_day,DAY_OF_WEEK
2021-08-04,USA,FIPS,53033,King,-0.05577000000000001,0.16947,full_february_except_presidents_day,DAY_OF_WEEK
2021-08-05,USA,FIPS,53033,King,-0.062330000000000003,0.16439,full_february_except_presidents_day,DAY_OF_WEEK
2021-08-06,USA,FIPS,53033,King,-0.06679,0.16372,full_february_except_presidents_day,DAY_OF_WEEK
2021-08-07,USA,FIPS,53033,King,0.0371,0.18226,full_february_except_presidents_day,DAY_OF_WEEK
2021-08-08,USA,FIPS,53033,King,0.07281,0.19953,full_february_except_presidents_day,DAY_OF_WEEK
2021-08-09,USA,FIPS,53033,King,-0.07494,0.17853000000000002,full_february_except_presidents_day,DAY_OF_WEEK
2021-08-10,USA,FIPS,53033,King,-0.03577,0.17513,full_february_except_presidents_day,DAY_OF_WEEK
2021-08-11,USA,FIPS,53033,King,-0.03216,0.16589,full_february_except_presidents_day,DAY_OF_WEEK
2021-08-12,USA,FIPS,53033,King,-0.06465,0.17172,full_february_except_presidents_day,DAY_OF_WEEK
2021-08-13,USA,FIPS,53033,King,-0.05618000000000001,0.16939,full_february_except_presidents_day,DAY_OF_WEEK
2021-08-14,USA,FIPS,53033,King,0.055470000000000005,0.17877,full_february_except_presidents_day,DAY_OF_WEEK
2021-08-15,USA,FIPS,53033,King,0.0922,0.19672,full_february_except_presidents_day,DAY_OF_WEEK
2021-08-16,USA,FIPS,53033,King,-0.06595000000000001,0.18612,full_february_except_presidents_day,DAY_OF_WEEK
2021-08-17,USA,FIPS,53033,King,-0.07293000000000001,0.18133000000000002,full_february_except_presidents_day,DAY_OF_WEEK
2021-08-18,USA,FIPS,53033,King,-0.05636000000000001,0.1714,full_february_except_presidents_day,DAY_OF_WEEK
2021-08-19,USA,FIPS,53033,King,-0.07756,0.17371,full_february_except_presidents_day,DAY_OF_WEEK
2021-08-20,USA,FIPS,53033,King,-0.043410000000000004,0.16341,full_february_except_presidents_day,DAY_OF_WEEK
2021-08-21,USA,FIPS,53033,King,0.037410000000000006,0.17749,full_february_except_presidents_day,DAY_OF_WEEK
2021-08-22,USA,FIPS,53033,King,0.04261,0.20738,full_february_except_presidents_day,DAY_OF_WEEK
2021-08-23,USA,FIPS,53033,King,-0.07154,0.17972000000000002,full_february_except_presidents_day,DAY_OF_WEEK
2021-08-24,USA,FIPS,53033,King,-0.062130000000000005,0.17445000000000002,full_february_except_presidents_day,DAY_OF_WEEK
2021-08-25,USA,FIPS,53033,King,-0.06044000000000001,0.16857000000000003,full_february_except_presidents_day,DAY_OF_WEEK
2021-08-26,USA,FIPS,53033,King,-0.08467000000000001,0.1714,full_february_except_presidents_day,DAY_OF_WEEK
2021-08-27,USA,FIPS,53033,King,-0.06235,0.16353,full_february_except_presidents_day,DAY_OF_WEEK
2021-08-28,USA,FIPS,53033,King,0.07887000000000001,0.17107000000000003,full_february_except_presidents_day,DAY_OF_WEEK
2021-08-29,USA,FIPS,53033,King,0.08415,0.1955,full_february_except_presidents_day,DAY_OF_WEEK
2021-08-30,USA,FIPS,53033,King,-0.07488,0.18107,full_february_except_presidents_day,DAY_OF_WEEK
2021-08-31,USA,FIPS,53033,King,-0.07302,0.18080000000000002,full_february_except_presidents_day,DAY_OF_WEEK
2021-09-01,USA,FIPS,53033,King,-0.04216,0.16365000000000002,full_february_except_presidents_day,DAY_OF_WEEK
2021-09-02,USA,FIPS,53033,King,-0.06938000000000001,0.16027000000000002,full_february_except_presidents_day,DAY_OF_WEEK
2021-09-03,USA,FIPS,53033,King,-0.031170000000000003,0.15063000000000001,full_february_except_presidents_day,DAY_OF_WEEK
2021-09-04,USA,FIPS,53033,King,0.03964,0.182,full_february_except_presidents_day,DAY_OF_WEEK
2021-09-05,USA,FIPS,53033,King,0.05609000000000001,0.19811,full_february_except_presidents_day,DAY_OF_WEEK
2021-09-06,USA,FIPS,53033,King,-0.15491000000000002,0.21297000000000002,full_february_except_presidents_day,DAY_OF_WEEK
2021-09-07,USA,FIPS,53033,King,-0.03807,0.1696,full_february_except_presidents_day,DAY_OF_WEEK
2021-09-08,USA,FIPS,53033,King,-0.05976000000000001,0.16908,full_february_except_presidents_day,DAY_OF_WEEK
2021-09-09,USA,FIPS,53033,King,-0.08155000000000001,0.16671000000000002,full_february_except_presidents_day,DAY_OF_WEEK
2021-09-10,USA,FIPS,53033,King,-0.05974,0.15858000000000003,full_february_except_presidents_day,DAY_OF_WEEK
2021-09-11,USA,FIPS,53033,King,0.051530000000000006,0.18108000000000002,full_february_except_presidents_day,DAY_OF_WEEK
2021-09-12,USA,FIPS,53033,King,-0.010350000000000002,0.21744000000000002,full_february_except_presidents_day,DAY_OF_WEEK
2021-09-13,USA,FIPS,53033,King,-0.07206,0.17645000000000002,full_february_except_presidents_day,DAY_OF_WEEK
2021-09-14,USA,FIPS,53033,King,-0.06362000000000001,0.17587000000000003,full_february_except_presidents_day,DAY_OF_WEEK
2021-09-15,USA,FIPS,53033,King,-0.06128000000000001,0.1689,full_february_except_presidents_day,DAY_OF_WEEK
2021-09-16,USA,FIPS,53033,King,-0.07875,0.1663,full_february_except_presidents_day,DAY_OF_WEEK
2021-09-17,USA,FIPS,53033,King,-0.07706,0.1694,full_february_except_presidents_day,DAY_OF_WEEK
2021-09-18,USA,FIPS,53033,King,-0.015530000000000002,0.19539,full_february_except_presidents_day,DAY_OF_WEEK
2021-09-19,USA,FIPS,53033,King,-0.03663,0.22106,full_february_except_presidents_day,DAY_OF_WEEK
2021-09-20,USA,FIPS,53033,King,-0.07827,0.17502,full_february_except_presidents_day,DAY_OF_WEEK
2021-09-21,USA,FIPS,53033,King,-0.04365,0.16903,full_february_except_presidents_day,DAY_OF_WEEK
2021-09-22,USA,FIPS,53033,King,-0.0771,0.17286,full_february_except_presidents_day,DAY_OF_WEEK
2021-09-23,USA,FIPS,53033,King,-0.0901,0.16801000000000002,full_february_except_presidents_day,DAY_OF_WEEK
2021-09-24,USA,FIPS,53033,King,-0.051640000000000005,0.15625,full_february_except_presidents_day,DAY_OF_WEEK
2021-09-25,USA,FIPS,53033,King,0.08405000000000001,0.17270000000000002,full_february_except_presidents_day,DAY_OF_WEEK
2021-09-26,USA,FIPS,53033,King,-0.026500000000000003,0.22298,full_february_except_presidents_day,DAY_OF_WEEK
2021-09-27,USA,FIPS,53033,King,-0.12206000000000002,0.18905000000000002,full_february_except_presidents_day,DAY_OF_WEEK
2021-09-28,USA,FIPS,53033,King,-0.09048,0.18073,full_february_except_presidents_day,DAY_OF_WEEK
2021-09-29,USA,FIPS,53033,King,-0.09269000000000001,0.17853000000000002,full_february_except_presidents_day,DAY_OF_WEEK
2021-09-30,USA,FIPS,53033,King,-0.12475000000000001,0.17872000000000002,full_february_except_presidents_day,DAY_OF_WEEK
2021-10-01,USA,FIPS,53033,King,-0.05942000000000001,0.15142,full_february_except_presidents_day,DAY_OF_WEEK
2021-10-02,USA,FIPS,53033,King,0.06241000000000001,0.17663,full_february_except_presidents_day,DAY_OF_WEEK
2021-10-03,USA,FIPS,53033,King,-0.01873,0.21925000000000003,full_february_except_presidents_day,DAY_OF_WEEK
2021-10-04,USA,FIPS,53033,King,-0.12334,0.18829,full_february_except_presidents_day,DAY_OF_WEEK
2021-10-05,USA,FIPS,53033,King,-0.10464000000000001,0.18938000000000002,full_february_except_presidents_day,DAY_OF_WEEK
2021-10-06,USA,FIPS,53033,King,-0.10568000000000001,0.17880000000000001,full_february_except_presidents_day,DAY_OF_WEEK
2021-10-07,USA,FIPS,53033,King,-0.09768,0.16824,full_february_except_presidents_day,DAY_OF_WEEK
2021-10-08,USA,FIPS,53033,King,-0.10026,0.16389,full_february_except_presidents_day,DAY_OF_WEEK
2021-10-09,USA,FIPS,53033,King,0.023430000000000003,0.18704,full_february_except_presidents_day,DAY_OF_WEEK
2021-10-10,USA,FIPS,53033,King,-0.048350000000000004,0.22347000000000003,full_february_except_presidents_day,DAY_OF_WEEK
2021-10-11,USA,FIPS,53033,King,-0.11812,0.18801,full_february_except_presidents_day,DAY_OF_WEEK
2021-10-12,USA,FIPS,53033,King,-0.10132000000000001,0.1816,full_february_except_presidents_day,DAY_OF_WEEK
2021-10-13,USA,FIPS,53033,King,-0.1164,0.18017000000000002,full_february_except_presidents_day,DAY_OF_WEEK
2021-10-14,USA,FIPS,53033,King,-0.13643000000000002,0.18257,full_february_except_presidents_day,DAY_OF_WEEK
2021-10-15,USA,FIPS,53033,King,-0.08610000000000001,0.16777,full_february_except_presidents_day,DAY_OF_WEEK
2021-10-16,USA,FIPS,53033,King,0.01421,0.18313000000000001,full_february_except_presidents_day,DAY_OF_WEEK
2021-10-17,USA,FIPS,53033,King,-0.03429,0.22213000000000002,full_february_except_presidents_day,DAY_OF_WEEK
2021-10-18,USA,FIPS,53033,King,-0.12531,0.19275,full_february_except_presidents_day,DAY_OF_WEEK
2021-10-19,USA,FIPS,53033,King,-0.08762,0.17479,full_february_except_presidents_day,DAY_OF_WEEK
2021-10-20,USA,FIPS,53033,King,-0.10637,0.18171,full_february_except_presidents_day,DAY_OF_WEEK
2021-10-21,USA,FIPS,53033,King,-0.13352,0.17869000000000002,full_february_except_presidents_day,DAY_OF_WEEK
2021-10-22,USA,FIPS,53033,King,-0.10912000000000001,0.17374,full_february_except_presidents_day,DAY_OF_WEEK
2021-10-23,USA,FIPS,53033,King,-0.013580000000000002,0.19623000000000002,full_february_except_presidents_day,DAY_OF_WEEK
2021-10-24,USA,FIPS,53033,King,-0.073,0.23225,full_february_except_presidents_day,DAY_OF_WEEK
2021-10-25,USA,FIPS,53033,King,-0.12915000000000001,0.19305000000000003,full_february_except_presidents_day,DAY_OF_WEEK
2021-10-26,USA,FIPS,53033,King,-0.09803,0.18476,full_february_except_presidents_day,DAY_OF_WEEK
2021-10-27,USA,FIPS,53033,King,-0.09048,0.18393,full_february_except_presidents_day,DAY_OF_WEEK
2021-10-28,USA,FIPS,53033,King,-0.11562000000000001,0.19046000000000002,full_february_except_presidents_day,DAY_OF_WEEK
2021-10-29,USA,FIPS,53033,King,-0.11194000000000001,0.17162000000000002,full_february_except_presidents_day,DAY_OF_WEEK
2021-10-30,USA,FIPS,53033,King,0.026760000000000003,0.17935,full_february_except_presidents_day,DAY_OF_WEEK
2021-10-31,USA,FIPS,53033,King,0.02902,0.19939,full_february_except_presidents_day,DAY_OF_WEEK
2021-11-01,USA,FIPS,53033,King,-0.08596000000000001,0.18467000000000003,full_february_except_presidents_day,DAY_OF_WEEK
2021-11-02,USA,FIPS,53033,King,-0.10363000000000001,0.18722000000000003,full_february_except_presidents_day,DAY_OF_WEEK
2021-11-03,USA,FIPS,53033,King,-0.11614000000000001,0.17500000000000002,full_february_except_presidents_day,DAY_OF_WEEK
2021-11-04,USA,FIPS,53033,King,-0.14602,0.18560000000000001,full_february_except_presidents_day,DAY_OF_WEEK
2021-11-05,USA,FIPS,53033,King,-0.0965,0.16788,full_february_except_presidents_day,DAY_OF_WEEK
2021-11-06,USA,FIPS,53033,King,-0.07156000000000001,0.20379000000000003,full_february_except_presidents_day,DAY_OF_WEEK
2021-11-07,USA,FIPS,53033,King,-0.07125000000000001,0.23389000000000001,full_february_except_presidents_day,DAY_OF_WEEK
2021-11-08,USA,FIPS,53033,King,-0.12431,0.19016000000000002,full_february_except_presidents_day,DAY_OF_WEEK
2021-11-09,USA,FIPS,53033,King,-0.09623000000000001,0.1892,full_february_except_presidents_day,DAY_OF_WEEK
2021-11-10,USA,FIPS,53033,King,-0.08761000000000001,0.17284000000000002,full_february_except_presidents_day,DAY_OF_WEEK
2021-11-11,USA,FIPS,53033,King,-0.17449,0.20779000000000003,full_february_except_presidents_day,DAY_OF_WEEK
2021-11-12,USA,FIPS,53033,King,-0.13677,0.18389000000000003,full_february_except_presidents_day,DAY_OF_WEEK
2021-11-13,USA,FIPS,53033,King,-0.0551,0.20198000000000002,full_february_except_presidents_day,DAY_OF_WEEK
2021-11-14,USA,FIPS,53033,King,-0.12181000000000002,0.24769000000000002,full_february_except_presidents_day,DAY_OF_WEEK
2021-11-15,USA,FIPS,53033,King,-0.62965,0.3418,full_february_except_presidents_day,DAY_OF_WEEK
2021-11-16,USA,FIPS,53033,King,-0.14321,0.1903,full_february_except_presidents_day,DAY_OF_WEEK
2021-11-17,USA,FIPS,53033,King,-0.17420000000000002,0.17376000000000003,full_february_except_presidents_day,DAY_OF_WEEK
2021-11-18,USA,FIPS,53033,King,-0.11183000000000001,0.18396,full_february_except_presidents_day,DAY_OF_WEEK
2021-11-19,USA,FIPS,53033,King,-0.09920000000000001,0.17259000000000002,full_february_except_presidents_day,DAY_OF_WEEK
2021-11-20,USA,FIPS,53033,King,-0.0012200000000000002,0.19016000000000002,full_february_except_presidents_day,DAY_OF_WEEK
2021-11-21,USA,FIPS,53033,King,-0.046220000000000004,0.22167,full_february_except_presidents_day,DAY_OF_WEEK
2021-11-22,USA,FIPS,53033,King,-0.08897000000000001,0.18765,full_february_except_presidents_day,DAY_OF_WEEK
2021-11-23,USA,FIPS,53033,King,-0.60606,0.38659000000000004,full_february_except_presidents_day,DAY_OF_WEEK
2021-11-24,USA,FIPS,53033,King,-0.07956,0.17806000000000002,full_february_except_presidents_day,DAY_OF_WEEK
2021-11-25,USA,FIPS,53033,King,-0.35355000000000003,0.25868,full_february_except_presidents_day,DAY_OF_WEEK
2021-11-26,USA,FIPS,53033,King,-0.21927000000000002,0.20397,full_february_except_presidents_day,DAY_OF_WEEK
2021-11-27,USA,FIPS,53033,King,-0.13382000000000002,0.23125,full_february_except_presidents_day,DAY_OF_WEEK
2021-11-28,USA,FIPS,53033,King,-0.12216,0.25583,full_february_except_presidents_day,DAY_OF_WEEK
2021-11-29,USA,FIPS,53033,King,-0.13174000000000002,0.19448000000000001,full_february_except_presidents_day,DAY_OF_WEEK
2021-11-30,USA,FIPS,53033,King,-0.19245,0.21267000000000003,full_february_except_presidents_day,DAY_OF_WEEK
2021-12-01,USA,FIPS,53033,King,-0.67254,0.41659,full_february_except_presidents_day,DAY_OF_WEEK
2021-12-02,USA,FIPS,53033,King,-0.272,0.21679,full_february_except_presidents_day,DAY_OF_WEEK
2021-12-03,USA,FIPS,53033,King,-0.18208000000000002,0.18238000000000001,full_february_except_presidents_day,DAY_OF_WEEK
2021-12-04,USA,FIPS,53033,King,-0.25255,0.26145,full_february_except_presidents_day,DAY_OF_WEEK
2021-12-05,USA,FIPS,53033,King,-0.15367,0.27469000000000005,full_february_except_presidents_day,DAY_OF_WEEK
2021-12-06,USA,FIPS,53033,King,-0.20615000000000003,0.20172,full_february_except_presidents_day,DAY_OF_WEEK
2021-12-07,USA,FIPS,53033,King,-0.124,0.19078,full_february_except_presidents_day,DAY_OF_WEEK
2021-12-08,USA,FIPS,53033,King,-0.11789000000000001,0.18207,full_february_except_presidents_day,DAY_OF_WEEK
2021-12-09,USA,FIPS,53033,King,-0.13384000000000001,0.17823000000000003,full_february_except_presidents_day,DAY_OF_WEEK
2021-12-10,USA,FIPS,53033,King,-0.12219000000000001,0.17509000000000002,full_february_except_presidents_day,DAY_OF_WEEK
2021-12-11,USA,FIPS,53033,King,-0.07215,0.20674,full_february_except_presidents_day,DAY_OF_WEEK
2021-12-12,USA,FIPS,53033,King,-0.09611,0.23939000000000002,full_february_except_presidents_day,DAY_OF_WEEK
2021-12-13,USA,FIPS,53033,King,-0.14307,0.19734000000000002,full_february_except_presidents_day,DAY_OF_WEEK
2021-12-14,USA,FIPS,53033,King,-0.09655000000000001,0.19009,full_february_except_presidents_day,DAY_OF_WEEK
2021-12-15,USA,FIPS,53033,King,-0.09046000000000001,0.18580000000000002,full_february_except_presidents_day,DAY_OF_WEEK
2021-12-16,USA,FIPS,53033,King,-0.11089,0.17839000000000002,full_february_except_presidents_day,DAY_OF_WEEK
2021-12-17,USA,FIPS,53033,King,-0.08101000000000001,0.17263,full_february_except_presidents_day,DAY_OF_WEEK
2021-12-18,USA,FIPS,53033,King,-0.06157000000000001,0.21167000000000002,full_february_except_presidents_day,DAY_OF_WEEK
2021-12-19,USA,FIPS,53033,King,0.004940000000000001,0.21278000000000002,full_february_except_presidents_day,DAY_OF_WEEK
2021-12-20,USA,FIPS,53033,King,-0.11628000000000001,0.20493000000000003,full_february_except_presidents_day,DAY_OF_WEEK
2021-12-21,USA,FIPS,53033,King,-0.10984000000000001,0.19238000000000002,full_february_except_presidents_day,DAY_OF_WEEK
2021-12-22,USA,FIPS,53033,King,-0.08964000000000001,0.19168000000000002,full_february_except_presidents_day,DAY_OF_WEEK
2021-12-23,USA,FIPS,53033,King,-0.08111,0.18146,full_february_except_presidents_day,DAY_OF_WEEK
2021-12-24,USA,FIPS,53033,King,-0.21939000000000003,0.201,full_february_except_presidents_day,DAY_OF_WEEK
2021-12-25,USA,FIPS,53033,King,-0.39925000000000005,0.31792000000000004,full_february_except_presidents_day,DAY_OF_WEEK
2021-12-26,USA,FIPS,53033,King,-0.41275000000000006,0.40296000000000004,full_february_except_presidents_day,DAY_OF_WEEK
2021-12-27,USA,FIPS,53033,King,-0.427,0.38314000000000004,full_february_except_presidents_day,DAY_OF_WEEK
2021-12-28,USA,FIPS,53033,King,-0.36558,0.33804,full_february_except_presidents_day,DAY_OF_WEEK
2021-12-29,USA,FIPS,53033,King,-0.26727,0.27458000000000005,full_february_except_presidents_day,DAY_OF_WEEK
2021-12-30,USA,FIPS,53033,King,-0.42215,0.34427,full_february_except_presidents_day,DAY_OF_WEEK
2021-12-31,USA,FIPS,53033,King,-0.35075,0.28477,full_february_except_presidents_day,DAY_OF_WEEK
2022-01-01,USA,FIPS,53033,King,-0.34826,0.32773,full_february_except_presidents_day,DAY_OF_WEEK
2022-01-02,USA,FIPS,53033,King,-0.25885,0.31853000000000004,full_february_except_presidents_day,DAY_OF_WEEK
2022-01-03,USA,FIPS,53033,King,-0.23765000000000003,0.25331000000000004,full_february_except_presidents_day,DAY_OF_WEEK
2022-01-04,USA,FIPS,53033,King,-0.21201,0.24019000000000001,full_february_except_presidents_day,DAY_OF_WEEK
2022-01-05,USA,FIPS,53033,King,-0.22792,0.2366,full_february_except_presidents_day,DAY_OF_WEEK
2022-01-06,USA,FIPS,53033,King,-0.26497000000000004,0.24271,full_february_except_presidents_day,DAY_OF_WEEK
2022-01-07,USA,FIPS,53033,King,-0.27011,0.22397000000000003,full_february_except_presidents_day,DAY_OF_WEEK
2022-01-08,USA,FIPS,53033,King,-0.21137000000000003,0.25696,full_february_except_presidents_day,DAY_OF_WEEK
2022-01-09,USA,FIPS,53033,King,-0.19151,0.27554,full_february_except_presidents_day,DAY_OF_WEEK
2022-01-10,USA,FIPS,53033,King,-0.25131000000000003,0.24102,full_february_except_presidents_day,DAY_OF_WEEK
2022-01-11,USA,FIPS,53033,King,-0.24145000000000003,0.24489000000000002,full_february_except_presidents_day,DAY_OF_WEEK
2022-01-12,USA,FIPS,53033,King,-0.24403000000000002,0.23404000000000003,full_february_except_presidents_day,DAY_OF_WEEK
2022-01-13,USA,FIPS,53033,King,-0.26185,0.22858,full_february_except_presidents_day,DAY_OF_WEEK
2022-01-14,USA,FIPS,53033,King,-0.23825000000000002,0.21261000000000002,full_february_except_presidents_day,DAY_OF_WEEK
2022-01-15,USA,FIPS,53033,King,-0.17869000000000002,0.2462,full_february_except_presidents_day,DAY_OF_WEEK
2022-01-16,USA,FIPS,53033,King,-0.20375000000000001,0.28247,full_february_except_presidents_day,DAY_OF_WEEK
2022-01-17,USA,FIPS,53033,King,-0.25931000000000004,0.24906000000000003,full_february_except_presidents_day,DAY_OF_WEEK
2022-01-18,USA,FIPS,53033,King,-0.24373000000000003,0.24015000000000003,full_february_except_presidents_day,DAY_OF_WEEK
2022-01-19,USA,FIPS,53033,King,-0.24415000000000003,0.22728,full_february_except_presidents_day,DAY_OF_WEEK
2022-01-20,USA,FIPS,53033,King,-0.25757,0.22302000000000002,full_february_except_presidents_day,DAY_OF_WEEK
2022-01-21,USA,FIPS,53033,King,-0.2386,0.20763,full_february_except_presidents_day,DAY_OF_WEEK
2022-01-22,USA,FIPS,53033,King,-0.17604,0.23621000000000003,full_february_except_presidents_day,DAY_OF_WEEK
2022-01-23,USA,FIPS,53033,King,-0.22139000000000003,0.28683000000000003,full_february_except_presidents_day,DAY_OF_WEEK
2022-01-24,USA,FIPS,53033,King,-0.25625000000000003,0.23195000000000002,full_february_except_presidents_day,DAY_OF_WEEK
2022-01-25,USA,FIPS,53033,King,-0.24578000000000003,0.22032000000000002,full_february_except_presidents_day,DAY_OF_WEEK
2022-01-26,USA,FIPS,53033,King,-0.27447000000000005,0.22618000000000002,full_february_except_presidents_day,DAY_OF_WEEK
2022-01-27,USA,FIPS,53033,King,-0.25287000000000004,0.2189,full_february_except_presidents_day,DAY_OF_WEEK
2022-01-28,USA,FIPS,53033,King,-0.23454000000000003,0.20313,full_february_except_presidents_day,DAY_OF_WEEK
2022-01-29,USA,FIPS,53033,King,-0.14789000000000002,0.23072,full_february_except_presidents_day,DAY_OF_WEEK
2022-01-30,USA,FIPS,53033,King,-0.22794000000000003,0.28843,full_february_except_presidents_day,DAY_OF_WEEK
2022-01-31,USA,FIPS,53033,King,-0.23152000000000003,0.22157000000000002,full_february_except_presidents_day,DAY_OF_WEEK
2022-02-01,USA,FIPS,53033,King,-0.20816,0.21739000000000003,full_february_except_presidents_day,DAY_OF_WEEK
2022-02-02,USA,FIPS,53033,King,-0.21698,0.21813000000000002,full_february_except_presidents_day,DAY_OF_WEEK
2022-02-03,USA,FIPS,53033,King,-0.23970000000000002,0.21415,full_february_except_presidents_day,DAY_OF_WEEK
2022-02-04,USA,FIPS,53033,King,-0.22357000000000002,0.20621,full_february_except_presidents_day,DAY_OF_WEEK
2022-02-05,USA,FIPS,53033,King,-0.14421,0.22641000000000003,full_february_except_presidents_day,DAY_OF_WEEK
2022-02-06,USA,FIPS,53033,King,-0.12752000000000002,0.2503,full_february_except_presidents_day,DAY_OF_WEEK
2022-02-07,USA,FIPS,53033,King,-0.22840000000000002,0.22077000000000002,full_february_except_presidents_day,DAY_OF_WEEK
2022-02-08,USA,FIPS,53033,King,-0.21652000000000002,0.21052,full_february_except_presidents_day,DAY_OF_WEEK
2022-02-09,USA,FIPS,53033,King,-0.20759000000000002,0.20446,full_february_except_presidents_day,DAY_OF_WEEK
2022-02-10,USA,FIPS,53033,King,-0.22739,0.20481000000000002,full_february_except_presidents_day,DAY_OF_WEEK
2022-02-11,USA,FIPS,53033,King,-0.18224,0.18905000000000002,full_february_except_presidents_day,DAY_OF_WEEK
2022-02-12,USA,FIPS,53033,King,-0.07526000000000001,0.2114,full_february_except_presidents_day,DAY_OF_WEEK
2022-02-13,USA,FIPS,53033,King,-0.13887000000000002,0.24488000000000001,full_february_except_presidents_day,DAY_OF_WEEK
2022-02-14,USA,FIPS,53033,King,-0.19392,0.21127,full_february_except_presidents_day,DAY_OF_WEEK
2022-02-15,USA,FIPS,53033,King,-0.19166000000000002,0.20684000000000002,full_february_except_presidents_day,DAY_OF_WEEK
2022-02-16,USA,FIPS,53033,King,-0.18878,0.20020000000000002,full_february_except_presidents_day,DAY_OF_WEEK
2022-02-17,USA,FIPS,53033,King,-0.22382000000000002,0.20268000000000003,full_february_except_presidents_day,DAY_OF_WEEK
2022-02-18,USA,FIPS,53033,King,-0.1786,0.19218000000000002,full_february_except_presidents_day,DAY_OF_WEEK
2022-02-19,USA,FIPS,53033,King,-0.13315000000000002,0.22951000000000002,full_february_except_presidents_day,DAY_OF_WEEK
2022-02-20,USA,FIPS,53033,King,-0.12912,0.25394,full_february_except_presidents_day,DAY_OF_WEEK
2022-02-21,USA,FIPS,53033,King,-0.23504000000000003,0.24153000000000002,full_february_except_presidents_day,DAY_OF_WEEK
2022-02-22,USA,FIPS,53033,King,-0.22192,0.22444000000000003,full_february_except_presidents_day,DAY_OF_WEEK
2022-02-23,USA,FIPS,53033,King,-0.20059000000000002,0.20894000000000001,full_february_except_presidents_day,DAY_OF_WEEK
2022-02-24,USA,FIPS,53033,King,-0.2184,0.21353000000000003,full_february_except_presidents_day,DAY_OF_WEEK
2022-02-25,USA,FIPS,53033,King,-0.17067000000000002,0.18723,full_february_except_presidents_day,DAY_OF_WEEK
2022-02-26,USA,FIPS,53033,King,-0.12685000000000002,0.22736,full_february_except_presidents_day,DAY_OF_WEEK
2022-02-27,USA,FIPS,53033,King,-0.15192,0.26805,full_february_except_presidents_day,DAY_OF_WEEK
2022-02-28,USA,FIPS,53033,King,-0.20334000000000002,0.23044,full_february_except_presidents_day,DAY_OF_WEEK
2022-03-01,USA,FIPS,53033,King,-0.16824,0.19292,full_february_except_presidents_day,DAY_OF_WEEK
2022-03-02,USA,FIPS,53033,King,-0.15545,0.20255,full_february_except_presidents_day,DAY_OF_WEEK
2022-03-03,USA,FIPS,53033,King,-0.16754000000000002,0.18971000000000002,full_february_except_presidents_day,DAY_OF_WEEK
2022-03-04,USA,FIPS,53033,King,-0.17115000000000002,0.18496,full_february_except_presidents_day,DAY_OF_WEEK
2022-03-05,USA,FIPS,53033,King,-0.07156000000000001,0.19956000000000002,full_february_except_presidents_day,DAY_OF_WEEK
2022-03-06,USA,FIPS,53033,King,-0.09552000000000001,0.23276000000000002,full_february_except_presidents_day,DAY_OF_WEEK
2022-03-07,USA,FIPS,53033,King,-0.19754000000000002,0.20233,full_february_except_presidents_day,DAY_OF_WEEK
2022-03-08,USA,FIPS,53033,King,-0.19154000000000002,0.1973,full_february_except_presidents_day,DAY_OF_WEEK
2022-03-09,USA,FIPS,53033,King,-0.17559000000000002,0.18902000000000002,full_february_except_presidents_day,DAY_OF_WEEK
2022-03-10,USA,FIPS,53033,King,-0.20451000000000003,0.19226000000000001,full_february_except_presidents_day,DAY_OF_WEEK
2022-03-11,USA,FIPS,53033,King,-0.21679,0.19101,full_february_except_presidents_day,DAY_OF_WEEK
2022-03-12,USA,FIPS,53033,King,-0.12021000000000001,0.20594,full_february_except_presidents_day,DAY_OF_WEEK
2022-03-13,USA,FIPS,53033,King,-0.14216,0.24404,full_february_except_presidents_day,DAY_OF_WEEK
2022-03-14,USA,FIPS,53033,King,-0.22656,0.2185,full_february_except_presidents_day,DAY_OF_WEEK
2022-03-15,USA,FIPS,53033,King,-0.20091,0.20116,full_february_except_presidents_day,DAY_OF_WEEK
2022-03-16,USA,FIPS,53033,King,-0.18054,0.18699000000000002,full_february_except_presidents_day,DAY_OF_WEEK
2022-03-17,USA,FIPS,53033,King,-0.21678000000000003,0.18838000000000002,full_february_except_presidents_day,DAY_OF_WEEK
2022-03-18,USA,FIPS,53033,King,-0.20754000000000003,0.18029,full_february_except_presidents_day,DAY_OF_WEEK
2022-03-19,USA,FIPS,53033,King,-0.12899000000000002,0.21448,full_february_except_presidents_day,DAY_OF_WEEK
2022-03-20,USA,FIPS,53033,King,-0.12902000000000002,0.24368,full_february_except_presidents_day,DAY_OF_WEEK
2022-03-21,USA,FIPS,53033,King,-0.23313000000000003,0.21259000000000003,full_february_except_presidents_day,DAY_OF_WEEK
2022-03-22,USA,FIPS,53033,King,-0.16998000000000002,0.18822000000000003,full_february_except_presidents_day,DAY_OF_WEEK
2022-03-23,USA,FIPS,53033,King,-0.18242000000000003,0.19621000000000002,full_february_except_presidents_day,DAY_OF_WEEK
2022-03-24,USA,FIPS,53033,King,-0.189,0.18204,full_february_except_presidents_day,DAY_OF_WEEK
2022-03-25,USA,FIPS,53033,King,-0.17282,0.17536000000000002,full_february_except_presidents_day,DAY_OF_WEEK
2022-03-26,USA,FIPS,53033,King,-0.08922000000000001,0.20594,full_february_except_presidents_day,DAY_OF_WEEK
2022-03-27,USA,FIPS,53033,King,-0.04811000000000001,0.21905000000000002,full_february_except_presidents_day,DAY_OF_WEEK
2022-03-28,USA,FIPS,53033,King,-0.20157000000000003,0.19309,full_february_except_presidents_day,DAY_OF_WEEK
2022-03-29,USA,FIPS,53033,King,-0.17418,0.18708000000000002,full_february_except_presidents_day,DAY_OF_WEEK
2022-03-30,USA,FIPS,53033,King,-0.17646,0.19005000000000002,full_february_except_presidents_day,DAY_OF_WEEK
2022-03-31,USA,FIPS,53033,King,-0.17723000000000003,0.17767000000000002,full_february_except_presidents_day,DAY_OF_WEEK
2022-04-01,USA,FIPS,53033,King,-0.15943000000000002,0.16611,full_february_except_presidents_day,DAY_OF_WEEK
2022-04-02,USA,FIPS,53033,King,-0.08167,0.19836,full_february_except_presidents_day,DAY_OF_WEEK
2022-04-03,USA,FIPS,53033,King,-0.12763000000000002,0.23595000000000002,full_february_except_presidents_day,DAY_OF_WEEK
2022-04-04,USA,FIPS,53033,King,-0.20737000000000003,0.20289000000000001,full_february_except_presidents_day,DAY_OF_WEEK
2022-04-05,USA,FIPS,53033,King,-0.18158000000000002,0.19310000000000002,full_february_except_presidents_day,DAY_OF_WEEK
2022-04-06,USA,FIPS,53033,King,-0.16124000000000002,0.18626,full_february_except_presidents_day,DAY_OF_WEEK
2022-04-07,USA,FIPS,53033,King,-0.15873,0.17196,full_february_except_presidents_day,DAY_OF_WEEK
2022-04-08,USA,FIPS,53033,King,-0.17836000000000002,0.1816,full_february_except_presidents_day,DAY_OF_WEEK
2022-04-09,USA,FIPS,53033,King,-0.11286000000000002,0.20961000000000002,full_february_except_presidents_day,DAY_OF_WEEK
2022-04-10,USA,FIPS,53033,King,-0.11843000000000001,0.24403000000000002,full_february_except_presidents_day,DAY_OF_WEEK
2022-04-11,USA,FIPS,53033,King,-0.20991,0.20169,full_february_except_presidents_day,DAY_OF_WEEK
2022-04-12,USA,FIPS,53033,King,-0.18283000000000002,0.19988000000000003,full_february_except_presidents_day,DAY_OF_WEEK
2022-04-13,USA,FIPS,53033,King,-0.1945,0.19409,full_february_except_presidents_day,DAY_OF_WEEK
2022-04-14,USA,FIPS,53033,King,-0.19062,0.19208000000000003,full_february_except_presidents_day,DAY_OF_WEEK
2022-04-15,USA,FIPS,53033,King,-0.18334,0.17399,full_february_except_presidents_day,DAY_OF_WEEK
2022-04-16,USA,FIPS,53033,King,-0.08426,0.20158,full_february_except_presidents_day,DAY_OF_WEEK
2022-04-17,USA,FIPS,53033,King,-0.046110000000000005,0.21139000000000002,full_february_except_presidents_day,DAY_OF_WEEK
2022-04-18,USA,FIPS,53033,King,-0.18675000000000003,0.21048000000000003,full_february_except_presidents_day,DAY_OF_WEEK
2022-04-19,USA,FIPS,53033,King,-0.17477,0.18895,full_february_except_presidents_day,DAY_OF_WEEK
2022-04-20,USA,FIPS,53033,King,-0.16565000000000002,0.19086,full_february_except_presidents_day,DAY_OF_WEEK
2022-04-21,USA,FIPS,53033,King,-0.17591,0.18413000000000002,full_february_except_presidents_day,DAY_OF_WEEK
2022-04-22,USA,FIPS,53033,King,-0.15561000000000003,0.17248000000000002,full_february_except_presidents_day,DAY_OF_WEEK
2022-04-23,USA,FIPS,53033,King,-0.042570000000000004,0.18996000000000002,full_february_except_presidents_day,DAY_OF_WEEK
2022-04-24,USA,FIPS,53033,King,-0.031380000000000005,0.21145000000000003,full_february_except_presidents_day,DAY_OF_WEEK
2022-04-25,USA,FIPS,53033,King,-0.18639000000000003,0.19757000000000002,full_february_except_presidents_day,DAY_OF_WEEK
2022-04-26,USA,FIPS,53033,King,-0.18527000000000002,0.19061000000000003,full_february_except_presidents_day,DAY_OF_WEEK
2022-04-27,USA,FIPS,53033,King,-0.16644,0.18176,full_february_except_presidents_day,DAY_OF_WEEK
2022-04-28,USA,FIPS,53033,King,-0.20507000000000003,0.18488000000000002,full_february_except_presidents_day,DAY_OF_WEEK
2022-04-29,USA,FIPS,53033,King,-0.17989000000000002,0.17343,full_february_except_presidents_day,DAY_OF_WEEK
2022-04-30,USA,FIPS,53033,King,-0.08306000000000001,0.20101000000000002,full_february_except_presidents_day,DAY_OF_WEEK
2022-05-01,USA,FIPS,53033,King,-0.05399,0.21381000000000003,full_february_except_presidents_day,DAY_OF_WEEK
2022-05-02,USA,FIPS,53033,King,-0.18997000000000003,0.19790000000000002,full_february_except_presidents_day,DAY_OF_WEEK
2022-05-03,USA,FIPS,53033,King,-0.16611,0.18997000000000003,full_february_except_presidents_day,DAY_OF_WEEK
2022-05-04,USA,FIPS,53033,King,-0.1544,0.17887,full_february_except_presidents_day,DAY_OF_WEEK
2022-05-05,USA,FIPS,53033,King,-0.16183,0.18937,full_february_except_presidents_day,DAY_OF_WEEK
2022-05-06,USA,FIPS,53033,King,-0.17707,0.18125000000000002,full_february_except_presidents_day,DAY_OF_WEEK
2022-05-07,USA,FIPS,53033,King,-0.08093,0.20073000000000002,full_february_except_presidents_day,DAY_OF_WEEK
2022-05-08,USA,FIPS,53033,King,-0.04428000000000001,0.2102,full_february_except_presidents_day,DAY_OF_WEEK
2022-05-09,USA,FIPS,53033,King,-0.17649,0.19504000000000002,full_february_except_presidents_day,DAY_OF_WEEK
2022-05-10,USA,FIPS,53033,King,-0.15106,0.18386000000000002,full_february_except_presidents_day,DAY_OF_WEEK
2022-05-11,USA,FIPS,53033,King,-0.13997,0.17893,full_february_except_presidents_day,DAY_OF_WEEK
2022-05-12,USA,FIPS,53033,King,-0.19523000000000001,0.19526000000000002,full_february_except_presidents_day,DAY_OF_WEEK
2022-05-13,USA,FIPS,53033,King,-0.17118000000000003,0.17599,full_february_except_presidents_day,DAY_OF_WEEK
2022-05-14,USA,FIPS,53033,King,-0.09015000000000001,0.20237000000000002,full_february_except_presidents_day,DAY_OF_WEEK
2022-05-15,USA,FIPS,53033,King,-0.12732000000000002,0.24462000000000003,full_february_except_presidents_day,DAY_OF_WEEK
2022-05-16,USA,FIPS,53033,King,-0.16846000000000003,0.19376000000000002,full_february_except_presidents_day,DAY_OF_WEEK
2022-05-17,USA,FIPS,53033,King,-0.15712,0.18506,full_february_except_presidents_day,DAY_OF_WEEK
2022-05-18,USA,FIPS,53033,King,-0.17167000000000002,0.19081,full_february_except_presidents_day,DAY_OF_WEEK
2022-05-19,USA,FIPS,53033,King,-0.18374000000000001,0.18055000000000002,full_february_except_presidents_day,DAY_OF_WEEK
2022-05-20,USA,FIPS,53033,King,-0.17501000000000003,0.17505,full_february_except_presidents_day,DAY_OF_WEEK
2022-05-21,USA,FIPS,53033,King,-0.028020000000000003,0.19156,full_february_except_presidents_day,DAY_OF_WEEK
2022-05-22,USA,FIPS,53033,King,-0.01557,0.21532,full_february_except_presidents_day,DAY_OF_WEEK
